Loan_ID,Application_Year,Income_Range,Education_Level,Credit_Score,Institution_Type,Loan_Amount,Interest_Rate,Term_Months,Status,Payments_On_Time,DTI_Ratio
L789023,2020,$75K-$100K,Bachelor's,682,PWI,"$12,500 ",11.20%,36,Current,100%,0.32
L790145,2020,$30K-$50K,Associate's,625,Community College,"$8,200 ",16.40%,36,Current,91%,0.41
L790382,2020,$30K-$50K,Bachelor's,648,HBCU,"$15,000 ",17.80%,48,Current,87%,0.38
L791566,2020,$50K-$75K,Bachelor's,715,PWI,"$22,000 ",8.90%,48,Current,100%,0.29
L793287,2020,$50K-$75K,Bachelor's,692,HSI,"$18,500 ",12.60%,48,Current,100%,0.34
L789023,2020,$75K-$100K,Bachelor's,682,PWI,"$12,500 ",11.20%,36,Current,100%,0.32
L790145,2020,$30K-$50K,Associate's,625,Community College,"$8,200 ",16.40%,36,Current,91%,0.41
L790382,2020,$30K-$50K,Bachelor's,648,HBCU,"$15,000 ",17.80%,48,Current,87%,0.38
L791566,2020,$50K-$75K,Bachelor's,715,PWI,"$22,000 ",8.90%,48,Current,100%,0.29
L793287,2020,$50K-$75K,Bachelor's,692,HSI,"$18,500 ",12.60%,48,Current,100%,0.34
L832156,2020,$50K-$75K,Bachelor's,701,PWI,"$21,500 ",9.70%,48,Current,95%,0.33
L833287,2020,$75K-$100K,Master's,735,HSI,"$28,000 ",8.50%,60,Current,100%,0.28
L834599,2020,$30K-$50K,Some College,612,N/A,"$7,800 ",20.10%,24,Late,72%,0.45
L835745,2020,$100K+,PhD,775,PWI,"$38,000 ",7.10%,60,Current,100%,0.24
L836218,2020,$50K-$75K,Bachelor's,685,HBCU,"$19,000 ",13.10%,48,Current,93%,0.36
L837934,2020,$30K-$50K,Associate's,635,Community College,"$8,500 ",17.90%,36,Current,85%,0.42
L838452,2020,$75K-$100K,Bachelor's,695,PWI,"$23,000 ",11.50%,48,Current,98%,0.33
L839761,2020,$50K-$75K,Bachelor's,672,HSI,"$17,500 ",13.70%,48,Current,90%,0.37
L840123,2020,$30K-$50K,High School,605,N/A,"$6,000 ",22.30%,24,Default,55%,0.48
L841567,2020,$100K+,Master's,745,PWI,"$32,000 ",7.80%,60,Current,100%,0.26
L842389,2020,$50K-$75K,Bachelor's,688,HBCU,"$20,000 ",12.90%,48,Current,96%,0.35
L843912,2020,$75K-$100K,Bachelor's,705,PWI,"$24,500 ",10.30%,48,Current,100%,0.32
L844567,2020,$30K-$50K,Associate's,628,Community College,"$9,000 ",18.50%,36,Late,75%,0.43
L845789,2020,$50K-$75K,Bachelor's,677,HSI,"$18,500 ",13.40%,48,Current,94%,0.36
L846234,2020,$100K+,PhD,770,PWI,"$35,000 ",7.30%,60,Current,100%,0.25
L847123,2020,$30K-$50K,Some College,615,N/A,"$8,000 ",19.80%,36,Current,82%,0.44
L848976,2020,$75K-$100K,Master's,725,PWI,"$27,000 ",9.20%,60,Current,100%,0.29
L849123,2020,$50K-$75K,Bachelor's,682,HBCU,"$19,500 ",13.20%,48,Current,91%,0.37
L850345,2020,$30K-$50K,Bachelor's,645,HSI,"$15,000 ",16.50%,48,Current,87%,0.4
L851789,2020,$100K+,Master's,750,PWI,"$33,000 ",7.60%,60,Current,100%,0.25
L912456,2020,$50K-$75K,Bachelor's,696,PWI,"$22,000 ",10.80%,48,Current,99%,0.32
L913287,2020,$75K-$100K,Master's,732,HSI,"$27,500 ",8.70%,60,Current,100%,0.29
L914599,2020,$30K-$50K,Some College,608,N/A,"$7,500 ",20.70%,24,Late,70%,0.46
L915745,2020,$100K+,PhD,772,PWI,"$37,500 ",7.30%,60,Current,100%,0.25
L916218,2020,$50K-$75K,Bachelor's,682,HBCU,"$18,500 ",13.40%,48,Current,92%,0.37
L917934,2020,$30K-$50K,Associate's,632,Community College,"$8,300 ",18.20%,36,Current,83%,0.43
L918452,2020,$75K-$100K,Bachelor's,692,PWI,"$22,500 ",11.70%,48,Current,97%,0.34
L919761,2020,$50K-$75K,Bachelor's,668,HSI,"$17,000 ",14.00%,48,Current,89%,0.38
L920123,2020,$30K-$50K,High School,602,N/A,"$5,800 ",22.80%,24,Default,51%,0.49
L921567,2020,$100K+,Master's,742,PWI,"$31,500 ",8.00%,60,Current,100%,0.27
L922389,2020,$50K-$75K,Bachelor's,685,HBCU,"$19,500 ",13.20%,48,Current,95%,0.36
L923912,2020,$75K-$100K,Bachelor's,702,PWI,"$24,000 ",10.50%,48,Current,100%,0.33
L924567,2020,$30K-$50K,Associate's,625,Community College,"$8,800 ",18.80%,36,Current,78%,0.44
L925789,2020,$50K-$75K,Bachelor's,674,HSI,"$18,000 ",13.70%,48,Current,93%,0.37
L926234,2020,$100K+,PhD,767,PWI,"$34,500 ",7.50%,60,Current,100%,0.26
L927123,2020,$30K-$50K,Some College,612,N/A,"$7,700 ",20.20%,36,Late,76%,0.45
L928976,2020,$75K-$100K,Master's,722,PWI,"$26,500 ",9.40%,60,Current,100%,0.3
L929123,2020,$50K-$75K,Bachelor's,678,HBCU,"$19,200 ",13.50%,48,Current,90%,0.38
L930345,2020,$30K-$50K,Bachelor's,642,HSI,"$14,800 ",16.80%,48,Current,85%,0.41
L931789,2020,$100K+,Master's,747,PWI,"$32,500 ",7.80%,60,Current,100%,0.26
L992456,2020,$50K-$75K,Bachelor's,693,PWI,"$21,700 ",11.00%,48,Current,98%,0.33
L993287,2020,$75K-$100K,Master's,729,HSI,"$27,200 ",8.90%,60,Current,100%,0.29
L994599,2020,$30K-$50K,Some College,605,N/A,"$7,200 ",21.00%,24,Default,67%,0.47
L995745,2020,$100K+,PhD,769,PWI,"$37,200 ",7.50%,60,Current,100%,0.25
L996218,2020,$50K-$75K,Bachelor's,679,HBCU,"$18,200 ",13.60%,48,Current,91%,0.38
L997934,2020,$30K-$50K,Associate's,629,Community College,"$8,000 ",18.50%,36,Current,81%,0.44
L998452,2020,$75K-$100K,Bachelor's,689,PWI,"$22,200 ",11.90%,48,Current,96%,0.35
L999761,2020,$50K-$75K,Bachelor's,665,HSI,"$16,700 ",14.20%,48,Current,88%,0.39
M000123,2020,$30K-$50K,High School,599,N/A,"$5,500 ",23.10%,24,Late,63%,0.5
M001567,2020,$100K+,Master's,739,PWI,"$31,200 ",8.20%,60,Current,100%,0.28
M002389,2020,$50K-$75K,Bachelor's,682,HBCU,"$19,200 ",13.40%,48,Current,94%,0.37
M003912,2020,$75K-$100K,Bachelor's,699,PWI,"$23,700 ",10.70%,48,Current,100%,0.33
M004567,2020,$30K-$50K,Associate's,622,Community College,"$8,500 ",19.00%,36,Current,76%,0.45
M005789,2020,$50K-$75K,Bachelor's,671,HSI,"$17,700 ",13.90%,48,Current,92%,0.38
M006234,2020,$100K+,PhD,764,PWI,"$34,200 ",7.70%,60,Current,100%,0.26
L801432,2021,$100K+,Master's,755,PWI,"$35,000 ",7.20%,60,Current,100%,0.26
L802598,2021,$30K-$50K,Bachelor's,640,HBCU,"$10,000 ",18.30%,36,Default,67%,0.44
L803712,2021,$75K-$100K,Bachelor's,702,HSI,"$25,000 ",9.80%,60,Current,97%,0.31
L805521,2021,$50K-$75K,Some College,618,N/A,"$12,000 ",19.50%,36,Current,83%,0.42
L807345,2021,$30K-$50K,Bachelor's,647,PWI,"$15,500 ",15.20%,48,Late,79%,0.4
L809234,2021,$50K-$75K,Bachelor's,705,HBCU,"$22,000 ",10.60%,48,Current,100%,0.35
L801432,2021,$100K+,Master's,755,PWI,"$35,000 ",7.20%,60,Current,100%,0.26
L802598,2021,$30K-$50K,Bachelor's,640,HBCU,"$10,000 ",18.30%,36,Default,67%,0.44
L803712,2021,$75K-$100K,Bachelor's,702,HSI,"$25,000 ",9.80%,60,Current,97%,0.31
L805521,2021,$50K-$75K,Some College,618,N/A,"$12,000 ",19.50%,36,Current,83%,0.42
L807345,2021,$30K-$50K,Bachelor's,647,PWI,"$15,500 ",15.20%,48,Late,79%,0.4
L809234,2021,$50K-$75K,Bachelor's,705,HBCU,"$22,000 ",10.60%,48,Current,100%,0.35
L852456,2021,$50K-$75K,Bachelor's,690,PWI,"$20,500 ",12.30%,48,Current,97%,0.34
L853287,2021,$75K-$100K,Bachelor's,697,HSI,"$23,500 ",10.90%,48,Current,100%,0.32
L854123,2021,$30K-$50K,Some College,618,N/A,"$7,500 ",20.30%,36,Late,74%,0.45
L855678,2021,$100K+,PhD,778,PWI,"$37,000 ",7.00%,60,Current,100%,0.23
L856912,2021,$50K-$75K,Bachelor's,680,HBCU,"$18,000 ",13.50%,48,Current,95%,0.37
L857345,2021,$30K-$50K,Associate's,632,Community College,"$8,800 ",18.10%,36,Current,84%,0.42
L858789,2021,$75K-$100K,Bachelor's,698,PWI,"$24,000 ",10.50%,48,Current,99%,0.33
L859234,2021,$50K-$75K,Bachelor's,675,HSI,"$19,000 ",13.80%,48,Current,92%,0.36
L860567,2021,$30K-$50K,High School,600,N/A,"$5,500 ",23.50%,24,Default,48%,0.49
L861829,2021,$100K+,Master's,740,PWI,"$31,000 ",8.00%,60,Current,100%,0.27
L862134,2021,$50K-$75K,Bachelor's,685,HBCU,"$21,000 ",12.80%,48,Current,96%,0.35
L863456,2021,$75K-$100K,Bachelor's,702,PWI,"$25,000 ",10.20%,48,Current,100%,0.31
L864789,2021,$30K-$50K,Associate's,625,Community College,"$9,200 ",18.70%,36,Current,80%,0.43
L865123,2021,$50K-$75K,Bachelor's,673,HSI,"$17,000 ",13.90%,48,Current,93%,0.38
L866745,2021,$100K+,PhD,765,PWI,"$34,000 ",7.40%,60,Current,100%,0.26
L867912,2021,$30K-$50K,Some College,612,N/A,"$7,200 ",20.50%,36,Late,78%,0.45
L868234,2021,$75K-$100K,Master's,722,PWI,"$26,500 ",9.40%,60,Current,100%,0.3
L869567,2021,$50K-$75K,Bachelor's,678,HBCU,"$20,000 ",13.30%,48,Current,94%,0.36
L870912,2021,$30K-$50K,Bachelor's,642,HSI,"$14,500 ",16.80%,48,Current,85%,0.41
L871345,2021,$100K+,Master's,748,PWI,"$32,500 ",7.70%,60,Current,100%,0.26
L932456,2021,$50K-$75K,Bachelor's,687,PWI,"$20,200 ",12.50%,48,Current,96%,0.35
L933287,2021,$75K-$100K,Bachelor's,694,HSI,"$23,200 ",11.20%,48,Current,98%,0.33
L934123,2021,$30K-$50K,Some College,615,N/A,"$7,300 ",20.50%,36,Current,77%,0.44
L935678,2021,$100K+,PhD,775,PWI,"$36,500 ",7.20%,60,Current,100%,0.24
L936912,2021,$50K-$75K,Bachelor's,677,HBCU,"$17,800 ",13.80%,48,Current,94%,0.38
L937345,2021,$30K-$50K,Associate's,629,Community College,"$8,600 ",18.40%,36,Current,82%,0.43
L938789,2021,$75K-$100K,Bachelor's,695,PWI,"$23,800 ",10.80%,48,Current,97%,0.34
L939234,2021,$50K-$75K,Bachelor's,672,HSI,"$18,800 ",14.10%,48,Current,91%,0.37
L940567,2021,$30K-$50K,High School,598,N/A,"$5,300 ",23.90%,24,Default,49%,0.5
L941829,2021,$100K+,Master's,737,PWI,"$30,500 ",8.20%,60,Current,100%,0.28
L942134,2021,$50K-$75K,Bachelor's,682,HBCU,"$20,500 ",13.10%,48,Current,95%,0.36
L943456,2021,$75K-$100K,Bachelor's,699,PWI,"$24,800 ",10.40%,48,Current,100%,0.32
L944789,2021,$30K-$50K,Associate's,622,Community College,"$9,000 ",19.00%,36,Late,79%,0.44
L945123,2021,$50K-$75K,Bachelor's,670,HSI,"$16,800 ",14.20%,48,Current,92%,0.39
L946745,2021,$100K+,PhD,762,PWI,"$33,500 ",7.60%,60,Current,100%,0.26
L947912,2021,$30K-$50K,Some College,609,N/A,"$7,000 ",21.00%,36,Current,74%,0.46
L948234,2021,$75K-$100K,Master's,719,PWI,"$26,000 ",9.70%,60,Current,100%,0.31
L949567,2021,$50K-$75K,Bachelor's,675,HBCU,"$19,700 ",13.60%,48,Current,93%,0.37
L950912,2021,$30K-$50K,Bachelor's,639,HSI,"$14,200 ",17.10%,48,Current,87%,0.4
L951345,2021,$100K+,Master's,745,PWI,"$31,800 ",7.90%,60,Current,100%,0.27
L812567,2022,$100K+,PhD,782,PWI,"$40,000 ",6.80%,60,Current,100%,0.22
L815743,2022,$30K-$50K,High School,590,N/A,"$5,000 ",24.80%,24,Late,66%,0.47
L817890,2022,$50K-$75K,Bachelor's,688,HSI,"$20,000 ",11.90%,48,Current,100%,0.32
L819023,2022,$75K-$100K,Master's,720,PWI,"$30,000 ",8.30%,60,Current,100%,0.3
L820456,2022,$30K-$50K,Bachelor's,642,HBCU,"$12,000 ",16.90%,36,Current,88%,0.42
L822789,2022,$50K-$75K,Bachelor's,675,PWI,"$18,000 ",12.80%,48,Current,92%,0.38
L825032,2022,$75K-$100K,Bachelor's,659,HSI,"$25,000 ",14.20%,48,Current,89%,0.37
L828976,2022,$100K+,Bachelor's,722,PWI,"$30,000 ",8.10%,60,Current,100%,0.27
L831245,2022,$30K-$50K,Associate's,630,Community College,"$9,500 ",19.70%,36,Default,42%,0.46
L812567,2022,$100K+,PhD,782,PWI,"$40,000 ",6.80%,60,Current,100%,0.22
L815743,2022,$30K-$50K,High School,590,N/A,"$5,000 ",24.80%,24,Late,66%,0.47
L817890,2022,$50K-$75K,Bachelor's,688,HSI,"$20,000 ",11.90%,48,Current,100%,0.32
L819023,2022,$75K-$100K,Master's,720,PWI,"$30,000 ",8.30%,60,Current,100%,0.3
L820456,2022,$30K-$50K,Bachelor's,642,HBCU,"$12,000 ",16.90%,36,Current,88%,0.42
L822789,2022,$50K-$75K,Bachelor's,675,PWI,"$18,000 ",12.80%,48,Current,92%,0.38
L825032,2022,$75K-$100K,Bachelor's,659,HSI,"$25,000 ",14.20%,48,Current,89%,0.37
L828976,2022,$100K+,Bachelor's,722,PWI,"$30,000 ",8.10%,60,Current,100%,0.27
L831245,2022,$30K-$50K,Associate's,630,Community College,"$9,500 ",19.70%,36,Default,42%,0.46
L872789,2022,$50K-$75K,Bachelor's,688,PWI,"$20,000 ",12.50%,48,Current,98%,0.34
L873123,2022,$75K-$100K,Bachelor's,695,HSI,"$24,000 ",11.00%,48,Current,100%,0.32
L874567,2022,$30K-$50K,Some College,615,N/A,"$7,000 ",21.00%,36,Current,77%,0.44
L875912,2022,$100K+,PhD,780,PWI,"$39,000 ",6.90%,60,Current,100%,0.23
L876345,2022,$50K-$75K,Bachelor's,683,HBCU,"$19,500 ",13.60%,48,Current,96%,0.36
L877678,2022,$30K-$50K,Associate's,630,Community College,"$9,000 ",18.40%,36,Current,86%,0.42
L878912,2022,$75K-$100K,Bachelor's,700,PWI,"$23,500 ",10.40%,48,Current,98%,0.33
L879345,2022,$50K-$75K,Bachelor's,677,HSI,"$18,500 ",13.50%,48,Current,93%,0.37
L880789,2022,$30K-$50K,High School,595,N/A,"$5,200 ",24.10%,24,Late,68%,0.48
L881123,2022,$100K+,Master's,738,PWI,"$30,500 ",8.20%,60,Current,100%,0.27
L882567,2022,$50K-$75K,Bachelor's,680,HBCU,"$20,500 ",13.00%,48,Current,95%,0.36
L883912,2022,$75K-$100K,Bachelor's,698,PWI,"$25,500 ",10.10%,48,Current,100%,0.32
L884345,2022,$30K-$50K,Associate's,622,Community College,"$8,800 ",19.10%,36,Current,83%,0.44
L885678,2022,$50K-$75K,Bachelor's,670,HSI,"$17,500 ",14.10%,48,Current,91%,0.38
L886912,2022,$100K+,PhD,768,PWI,"$36,000 ",7.30%,60,Current,100%,0.24
L887345,2022,$30K-$50K,Some College,608,N/A,"$6,800 ",21.50%,36,Default,60%,0.46
L888789,2022,$75K-$100K,Master's,718,PWI,"$28,000 ",9.50%,60,Current,100%,0.3
L889123,2022,$50K-$75K,Bachelor's,675,HBCU,"$19,000 ",13.80%,48,Current,92%,0.37
L890567,2022,$30K-$50K,Bachelor's,638,HSI,"$14,000 ",17.20%,48,Late,82%,0.42
L891912,2022,$100K+,Master's,745,PWI,"$31,500 ",7.90%,60,Current,100%,0.26
L952789,2022,$50K-$75K,Bachelor's,685,PWI,"$19,800 ",12.70%,48,Current,97%,0.35
L953123,2022,$75K-$100K,Bachelor's,692,HSI,"$23,700 ",11.10%,48,Current,99%,0.33
L954567,2022,$30K-$50K,Some College,612,N/A,"$6,800 ",21.30%,36,Current,76%,0.45
L955912,2022,$100K+,PhD,777,PWI,"$38,500 ",7.00%,60,Current,100%,0.23
L956345,2022,$50K-$75K,Bachelor's,680,HBCU,"$19,200 ",13.50%,48,Current,95%,0.37
L957678,2022,$30K-$50K,Associate's,628,Community College,"$8,800 ",18.60%,36,Current,83%,0.43
L958912,2022,$75K-$100K,Bachelor's,697,PWI,"$23,200 ",10.60%,48,Current,98%,0.33
L959345,2022,$50K-$75K,Bachelor's,674,HSI,"$18,200 ",13.70%,48,Current,92%,0.38
L960789,2022,$30K-$50K,High School,593,N/A,"$5,100 ",24.30%,24,Late,65%,0.49
L961123,2022,$100K+,Master's,735,PWI,"$30,200 ",8.30%,60,Current,100%,0.28
L962567,2022,$50K-$75K,Bachelor's,677,HBCU,"$20,200 ",13.20%,48,Current,94%,0.37
L963912,2022,$75K-$100K,Bachelor's,695,PWI,"$25,200 ",10.20%,48,Current,100%,0.32
L964345,2022,$30K-$50K,Associate's,620,Community College,"$8,500 ",19.20%,36,Current,81%,0.44
L965678,2022,$50K-$75K,Bachelor's,667,HSI,"$17,200 ",14.30%,48,Current,90%,0.39
L966912,2022,$100K+,PhD,765,PWI,"$35,500 ",7.40%,60,Current,100%,0.25
L967345,2022,$30K-$50K,Some College,605,N/A,"$6,500 ",21.70%,36,Default,58%,0.47
L968789,2022,$75K-$100K,Master's,715,PWI,"$27,200 ",9.60%,60,Current,100%,0.31
L969123,2022,$50K-$75K,Bachelor's,672,HBCU,"$18,700 ",13.90%,48,Current,91%,0.38
L970567,2022,$30K-$50K,Bachelor's,635,HSI,"$13,700 ",17.40%,48,Late,80%,0.43
L971912,2022,$100K+,Master's,742,PWI,"$31,200 ",8.10%,60,Current,100%,0.27
L892345,2023,$50K-$75K,Bachelor's,685,PWI,"$21,000 ",12.70%,48,Current,97%,0.35
L893789,2023,$75K-$100K,Bachelor's,692,HSI,"$23,000 ",11.30%,48,Current,99%,0.33
L894123,2023,$30K-$50K,Some College,610,N/A,"$6,500 ",21.80%,36,Current,75%,0.45
L895567,2023,$100K+,PhD,785,PWI,"$41,000 ",6.70%,60,Current,100%,0.22
L896912,2023,$50K-$75K,Bachelor's,678,HBCU,"$18,000 ",14.00%,48,Current,94%,0.37
L897345,2023,$30K-$50K,Associate's,627,Community College,"$8,500 ",18.90%,36,Current,84%,0.43
L898789,2023,$75K-$100K,Bachelor's,697,PWI,"$24,500 ",10.70%,48,Current,98%,0.32
L899123,2023,$50K-$75K,Bachelor's,672,HSI,"$17,000 ",14.30%,48,Current,90%,0.38
L900567,2023,$30K-$50K,High School,592,N/A,"$5,000 ",24.50%,24,Default,52%,0.49
L901912,2023,$100K+,Master's,735,PWI,"$30,000 ",8.40%,60,Current,100%,0.28
L902345,2023,$50K-$75K,Bachelor's,682,HBCU,"$21,500 ",13.20%,48,Current,96%,0.35
L903789,2023,$75K-$100K,Bachelor's,695,PWI,"$26,000 ",10.30%,48,Current,100%,0.31
L904123,2023,$30K-$50K,Associate's,620,Community College,"$8,600 ",19.30%,36,Late,81%,0.44
L905678,2023,$50K-$75K,Bachelor's,668,HSI,"$16,500 ",14.50%,48,Current,89%,0.39
L906912,2023,$100K+,PhD,772,PWI,"$37,500 ",7.10%,60,Current,100%,0.24
L907345,2023,$30K-$50K,Some College,605,N/A,"$7,000 ",22.00%,36,Current,73%,0.46
L908789,2023,$75K-$100K,Master's,715,PWI,"$27,500 ",9.60%,60,Current,100%,0.3
L909123,2023,$50K-$75K,Bachelor's,672,HBCU,"$18,500 ",14.10%,48,Current,93%,0.38
L910567,2023,$30K-$50K,Bachelor's,635,HSI,"$13,500 ",17.50%,48,Current,86%,0.41
L911912,2023,$100K+,Master's,742,PWI,"$32,000 ",8.00%,60,Current,100%,0.27
L972345,2023,$50K-$75K,Bachelor's,682,PWI,"$20,700 ",12.60%,48,Current,96%,0.36
L973789,2023,$75K-$100K,Bachelor's,689,HSI,"$22,700 ",11.40%,48,Current,97%,0.34
L974123,2023,$30K-$50K,Some College,607,N/A,"$6,300 ",22.10%,36,Current,72%,0.46
L975567,2023,$100K+,PhD,782,PWI,"$40,500 ",6.80%,60,Current,100%,0.22
L976912,2023,$50K-$75K,Bachelor's,675,HBCU,"$17,700 ",14.20%,48,Current,93%,0.38
L977345,2023,$30K-$50K,Associate's,624,Community College,"$8,300 ",19.10%,36,Current,80%,0.44
L978789,2023,$75K-$100K,Bachelor's,694,PWI,"$24,200 ",10.80%,48,Current,98%,0.33
L979123,2023,$50K-$75K,Bachelor's,669,HSI,"$16,700 ",14.50%,48,Current,89%,0.39
L980567,2023,$30K-$50K,High School,590,N/A,"$4,800 ",24.70%,24,Default,50%,0.5
L981912,2023,$100K+,Master's,732,PWI,"$29,700 ",8.50%,60,Current,100%,0.29
L982345,2023,$50K-$75K,Bachelor's,679,HBCU,"$21,200 ",13.30%,48,Current,95%,0.36
L983789,2023,$75K-$100K,Bachelor's,692,PWI,"$25,700 ",10.40%,48,Current,100%,0.32
L984123,2023,$30K-$50K,Associate's,617,Community College,"$8,400 ",19.40%,36,Late,78%,0.45
L985678,2023,$50K-$75K,Bachelor's,665,HSI,"$16,200 ",14.60%,48,Current,88%,0.4
L986912,2023,$100K+,PhD,769,PWI,"$37,000 ",7.20%,60,Current,100%,0.25
L987345,2023,$30K-$50K,Some College,602,N/A,"$6,700 ",22.30%,36,Current,70%,0.47
L988789,2023,$75K-$100K,Master's,712,PWI,"$27,000 ",9.80%,60,Current,100%,0.31
L989123,2023,$50K-$75K,Bachelor's,669,HBCU,"$18,200 ",14.20%,48,Current,90%,0.39
L990567,2023,$30K-$50K,Bachelor's,632,HSI,"$13,200 ",17.70%,48,Current,83%,0.42
L991912,2023,$100K+,Master's,739,PWI,"$31,700 ",8.10%,60,Current,100%,0.28
L900000,2022,$75K-$100K,Bachelor's,671,HSI,"$29,630",9.74%,60,Current,100%,0.25
L900001,2022,$75K-$100K,Master's,682,HSI,"$18,421",9.37%,24,Current,93.00%,0.34
L900002,2023,$50K-$75K,Associate's,589,Community College,"$19,970",15.50%,36,Approved,,0.30
L900003,2022,$50K-$75K,Bachelor's,631,PWI,"$12,766",14.13%,24,Current,100%,0.42
L900004,2022,$75K-$100K,Associate's,592,Community College,"$24,082",12.60%,48,Denied,,0.24
L900005,2023,$50K-$75K,Bachelor's,794,HBCU,"$20,117",7.39%,48,Denied,,0.25
L900006,2022,<$30K,High School,584,HSI,"$9,342",14.32%,36,Denied,,0.44
L900007,2022,$30K-$50K,Associate's,650,Community College,"$8,101",18.00%,24,Current,99.00%,0.48
L900008,2022,<$30K,Some College,558,N/A,"$7,064",19.43%,36,Current,100%,0.38
L900009,2020,$50K-$75K,Associate's,737,Community College,"$16,830",11.52%,24,Current,100%,0.36
L900010,2022,$100K+,Bachelor's,650,HBCU,"$35,695",16.34%,60,Current,98.00%,0.30
L900011,2019,$30K-$50K,Associate's,776,Community College,"$7,491",7.65%,60,Denied,,0.39
L900012,2022,$100K+,PhD,617,HSI,"$40,273",13.55%,24,Late,74.00%,0.22
L900013,2020,$100K+,Bachelor's,538,N/A,"$24,492",20.54%,36,Late,79.00%,0.28
L900014,2020,$30K-$50K,Associate's,780,Community College,"$9,014",8.35%,48,Current,98.00%,0.40
L900015,2023,$75K-$100K,Bachelor's,634,HSI,"$18,169",14.21%,60,Approved,,0.27
L900016,2021,$100K+,Bachelor's,791,HSI,"$21,088",10.64%,24,Current,100%,0.24
L900017,2020,$50K-$75K,Bachelor's,726,HBCU,"$22,156",14.20%,48,Current,92.00%,0.37
L900018,2019,$100K+,PhD,729,PWI,"$20,228",10.06%,60,Current,93.00%,0.27
L900019,2020,$50K-$75K,Associate's,684,Community College,"$22,772",11.04%,36,Current,96.00%,0.31
L900020,2021,$100K+,Master's,757,PWI,"$23,613",8.84%,36,Current,100%,0.20
L900021,2022,$50K-$75K,High School,818,HSI,"$23,039",6.42%,36,Current,100%,0.37
L900022,2019,$75K-$100K,Bachelor's,632,HSI,"$34,945",16.17%,24,Current,100%,0.28
L900023,2023,$75K-$100K,Master's,767,HBCU,"$30,146",7.14%,48,Approved,,0.31
L900024,2021,$75K-$100K,Master's,834,PWI,"$17,976",6.77%,24,Current,94.00%,0.35
L900025,2022,$100K+,PhD,635,HBCU,"$34,682",14.83%,60,Current,100%,0.23
L900026,2020,$50K-$75K,Some College,759,HBCU,"$14,905",12.58%,36,Current,100%,0.35
L900027,2021,$75K-$100K,Master's,648,HBCU,"$16,941",15.87%,48,Current,85.00%,0.29
L900028,2021,$75K-$100K,Bachelor's,785,PWI,"$19,543",7.06%,60,Current,96.00%,0.29
L900029,2019,$75K-$100K,Bachelor's,756,HSI,"$18,855",12.00%,60,Current,100%,0.32
L900030,2020,$100K+,Bachelor's,627,PWI,"$35,110",16.10%,48,Current,96.00%,0.32
L900031,2021,$75K-$100K,Bachelor's,662,HBCU,"$23,371",16.62%,48,Current,100%,0.28
L900032,2020,$75K-$100K,Master's,779,PWI,"$19,034",7.00%,60,Current,100%,0.30
L900033,2022,$50K-$75K,Bachelor's,706,HBCU,"$23,653",10.10%,36,Current,100%,0.34
L900034,2019,$100K+,Bachelor's,719,HSI,"$49,364",13.38%,48,Late,84.00%,0.27
L900035,2019,$100K+,Bachelor's,753,PWI,"$28,310",8.46%,60,Current,100%,0.21
L900036,2022,$50K-$75K,Bachelor's,636,HSI,"$23,487",12.52%,48,Current,100%,0.33
L900037,2022,$100K+,Master's,677,HSI,"$42,994",10.50%,60,Current,100%,0.29
L900038,2023,$100K+,Bachelor's,636,PWI,"$20,502",13.74%,60,Approved,,0.28
L900039,2021,<$30K,Some College,679,PWI,"$7,222",11.00%,36,Current,100%,0.35
L900040,2022,$75K-$100K,Master's,797,HBCU,"$23,164",8.14%,48,Current,100%,0.28
L900041,2022,$75K-$100K,Associate's,709,PWI,"$34,004",9.31%,48,Current,95.00%,0.31
L900042,2021,$100K+,Bachelor's,797,HBCU,"$27,778",9.76%,48,Current,100%,0.29
L900043,2021,$100K+,Bachelor's,761,PWI,"$32,643",8.29%,48,Denied,,0.31
L900044,2020,$100K+,Bachelor's,850,PWI,"$34,156",5.94%,60,Current,100%,0.34
L900045,2021,$30K-$50K,Associate's,648,N/A,"$13,874",15.60%,24,Current,100%,0.37
L900046,2020,$30K-$50K,Associate's,699,Community College,"$12,232",9.80%,36,Current,100%,0.39
L900047,2021,$75K-$100K,Master's,765,PWI,"$29,712",7.08%,60,Current,85.00%,0.37
L900048,2021,$75K-$100K,Bachelor's,669,HBCU,"$31,503",17.05%,48,Denied,,0.26
L900049,2022,$75K-$100K,Bachelor's,679,PWI,"$29,265",11.05%,36,Current,85.00%,0.23
L900050,2022,$100K+,PhD,687,N/A,"$29,276",10.86%,60,Late,89.00%,0.24
L900051,2021,$50K-$75K,Associate's,641,Community College,"$19,298",15.36%,24,Denied,,0.38
L900052,2020,$50K-$75K,Bachelor's,730,PWI,"$24,104",10.91%,48,Current,92.00%,0.37
L900053,2022,$75K-$100K,Master's,669,PWI,"$31,630",13.91%,36,Current,100%,0.31
L900054,2023,$75K-$100K,Bachelor's,795,PWI,"$28,729",8.29%,48,Denied,,0.24
L900055,2020,$50K-$75K,Associate's,712,Community College,"$20,552",10.78%,24,Current,100%,0.29
L900056,2020,$75K-$100K,Master's,649,HBCU,"$27,468",17.87%,24,Current,100%,0.25
L900057,2021,$75K-$100K,PhD,797,PWI,"$31,001",8.80%,24,Current,100%,0.26
L900058,2021,$100K+,Bachelor's,765,PWI,"$35,312",8.10%,36,Current,100%,0.23
L900059,2020,$50K-$75K,Some College,594,N/A,"$17,265",15.66%,48,Current,86.00%,0.40
L900060,2019,$100K+,Master's,772,PWI,"$24,557",8.60%,48,Current,100%,0.25
L900061,2021,$100K+,Bachelor's,792,PWI,"$41,970",8.63%,24,Late,87.00%,0.31
L900062,2021,$75K-$100K,PhD,807,HSI,"$27,212",8.72%,60,Current,89.00%,0.36
L900063,2021,$100K+,Bachelor's,723,PWI,"$27,518",9.39%,24,Current,100%,0.21
L900064,2020,$75K-$100K,PhD,783,PWI,"$20,827",7.44%,24,Current,100%,0.39
L900065,2022,$30K-$50K,Some College,683,N/A,"$14,643",11.53%,24,Late,78.00%,0.42
L900066,2023,$50K-$75K,Associate's,783,Community College,"$15,733",7.89%,60,Approved,,0.36
L900067,2023,$30K-$50K,Associate's,605,Community College,"$7,892",14.71%,24,Denied,,0.45
L900068,2020,$100K+,Bachelor's,660,HBCU,"$40,278",16.54%,48,Current,100%,0.22
L900069,2019,$50K-$75K,Associate's,711,Community College,"$17,281",11.81%,36,Current,100%,0.35
L900070,2022,$100K+,Bachelor's,568,HSI,"$33,842",23.45%,36,Late,81.00%,0.24
L900071,2021,$75K-$100K,Bachelor's,637,PWI,"$21,836",15.31%,36,Denied,,0.25
L900072,2020,$50K-$75K,Associate's,660,Community College,"$19,589",13.90%,48,Current,100%,0.41
L900073,2021,$50K-$75K,High School,694,PWI,"$16,134",9.72%,36,Current,98.00%,0.36
L900074,2020,$50K-$75K,Bachelor's,577,HSI,"$11,938",25.44%,36,Denied,,0.39
L900075,2021,<$30K,Some College,637,PWI,"$3,500",12.31%,24,Denied,,0.42
L900076,2020,$75K-$100K,Bachelor's,602,HBCU,"$21,440",15.14%,24,Current,87.00%,0.34
L900077,2020,$100K+,Bachelor's,762,PWI,"$21,142",7.46%,48,Denied,,0.24
L900078,2021,$30K-$50K,Associate's,697,Community College,"$14,799",10.30%,48,Current,100%,0.42
L900079,2022,$50K-$75K,Bachelor's,688,HSI,"$19,728",9.86%,24,Current,91.00%,0.29
L900080,2020,$75K-$100K,Bachelor's,683,PWI,"$18,973",10.35%,24,Current,100%,0.31
L900081,2019,$50K-$75K,Associate's,789,Community College,"$14,487",7.87%,36,Current,100%,0.37
L900082,2021,$50K-$75K,Some College,657,Community College,"$24,900",16.47%,24,Current,100%,0.43
L900083,2020,$100K+,Bachelor's,669,PWI,"$29,270",17.97%,24,Default,60.00%,0.20
L900084,2019,$30K-$50K,High School,699,PWI,"$5,255",9.84%,36,Current,100%,0.40
L900085,2020,$30K-$50K,High School,800,HBCU,"$5,475",9.35%,60,Current,100%,0.38
L900086,2020,$75K-$100K,Bachelor's,767,PWI,"$21,342",7.93%,36,Current,86.00%,0.27
L900087,2020,$75K-$100K,Bachelor's,734,PWI,"$22,645",9.10%,48,Current,94.00%,0.26
L900088,2019,$50K-$75K,Bachelor's,687,HSI,"$16,093",14.53%,36,Current,100%,0.42
L900089,2023,$50K-$75K,Bachelor's,830,PWI,"$23,936",6.28%,60,Denied,,0.44
L900090,2022,$30K-$50K,Associate's,741,Community College,"$5,880",7.68%,60,Current,100%,0.37
L900091,2021,$75K-$100K,Bachelor's,743,HSI,"$33,929",11.35%,48,Current,98.00%,0.30
L900092,2023,$50K-$75K,Associate's,654,Community College,"$10,772",12.26%,24,Approved,,0.36
L900093,2022,$100K+,Bachelor's,798,PWI,"$41,434",8.56%,60,Current,100%,0.28
L900094,2021,$100K+,Bachelor's,718,HSI,"$45,168",12.02%,36,Current,100%,0.26
L900095,2023,$50K-$75K,Associate's,706,Community College,"$24,621",11.08%,48,Approved,,0.34
L900096,2021,$100K+,Bachelor's,671,HSI,"$48,888",14.35%,24,Current,100%,0.27
L900097,2021,$75K-$100K,Master's,804,PWI,"$24,505",5.09%,60,Current,100%,0.34
L900098,2023,$75K-$100K,Master's,828,PWI,"$22,329",5.67%,48,Approved,,0.27
L900099,2019,$50K-$75K,Bachelor's,689,HSI,"$10,799",12.65%,24,Current,100%,0.35
L900100,2021,$75K-$100K,Associate's,576,N/A,"$20,423",19.10%,24,Denied,,0.38
L900101,2019,$50K-$75K,Associate's,671,HBCU,"$16,279",14.14%,36,Denied,,0.29
L900102,2022,$50K-$75K,Bachelor's,850,PWI,"$16,206",5.99%,48,Current,98.00%,0.36
L900103,2021,$100K+,Master's,750,PWI,"$26,063",7.34%,36,Current,86.00%,0.26
L900104,2022,$100K+,Master's,757,HBCU,"$29,334",7.36%,36,Current,100%,0.31
L900105,2020,$100K+,PhD,628,PWI,"$49,067",13.78%,60,Current,100%,0.28
L900106,2020,$30K-$50K,Some College,726,Community College,"$13,970",9.66%,48,Current,100%,0.39
L900107,2020,$75K-$100K,Master's,648,N/A,"$21,098",13.67%,36,Denied,,0.24
L900108,2020,$50K-$75K,Associate's,758,PWI,"$12,212",8.00%,48,Current,100%,0.39
L900109,2022,$50K-$75K,High School,667,HSI,"$11,894",14.49%,36,Current,100%,0.33
L900110,2019,<$30K,High School,767,PWI,"$9,070",8.98%,24,Current,100%,0.46
L900111,2020,$50K-$75K,Bachelor's,716,HBCU,"$21,536",14.23%,48,Current,100%,0.36
L900112,2022,$75K-$100K,Associate's,739,Community College,"$19,408",10.34%,36,Current,96.00%,0.28
L900113,2020,<$30K,High School,621,N/A,"$6,006",13.61%,48,Current,94.00%,0.44
L900114,2021,$75K-$100K,Master's,751,HSI,"$17,019",10.23%,60,Current,100%,0.31
L900115,2023,$75K-$100K,Master's,819,PWI,"$33,479",5.17%,24,Approved,,0.28
L900116,2021,$50K-$75K,High School,659,PWI,"$17,650",16.07%,48,Late,82.00%,0.31
L900117,2022,$100K+,Bachelor's,606,PWI,"$37,423",16.37%,36,Current,85.00%,0.21
L900118,2022,$50K-$75K,Bachelor's,693,HBCU,"$12,295",9.12%,60,Current,100%,0.39
L900119,2019,$30K-$50K,Associate's,635,Community College,"$13,362",16.37%,48,Late,73.00%,0.46
L900120,2020,$50K-$75K,Associate's,657,Community College,"$24,549",16.60%,36,Current,100%,0.37
L900121,2021,$75K-$100K,Bachelor's,700,HSI,"$27,549",12.39%,24,Current,100%,0.32
L900122,2021,$100K+,Bachelor's,758,PWI,"$41,774",7.13%,60,Current,100%,0.27
L900123,2019,$100K+,PhD,627,HSI,"$47,407",21.19%,48,Current,100%,0.31
L900124,2019,$50K-$75K,Bachelor's,604,HSI,"$21,755",17.53%,36,Denied,,0.42
L900125,2021,$75K-$100K,Bachelor's,616,PWI,"$29,097",14.81%,24,Current,100%,0.33
L900126,2020,$100K+,Bachelor's,640,HSI,"$49,779",18.31%,60,Current,100%,0.26
L900127,2019,$50K-$75K,Some College,657,HSI,"$11,401",15.33%,24,Current,100%,0.39
L900128,2023,$30K-$50K,Associate's,850,PWI,"$14,884",6.83%,24,Approved,,0.35
L900129,2022,$50K-$75K,Bachelor's,678,HSI,"$14,765",10.93%,48,Current,100%,0.33
L900130,2023,$100K+,Bachelor's,641,PWI,"$36,664",12.85%,48,Denied,,0.25
L900131,2022,$100K+,Master's,652,PWI,"$23,457",17.81%,36,Current,100%,0.29
L900132,2023,$30K-$50K,Associate's,762,Community College,"$10,270",7.34%,48,Approved,,0.39
L900133,2021,<$30K,High School,726,HBCU,"$4,901",11.79%,36,Late,75.00%,0.35
L900134,2022,$50K-$75K,Bachelor's,735,HBCU,"$11,593",9.56%,60,Late,71.00%,0.28
L900135,2020,$100K+,Bachelor's,766,HSI,"$38,579",10.82%,60,Denied,,0.25
L900136,2020,$75K-$100K,Bachelor's,741,PWI,"$15,593",7.32%,24,Current,100%,0.21
L900137,2021,$30K-$50K,Some College,702,PWI,"$12,172",10.34%,24,Current,100%,0.42
L900138,2022,$75K-$100K,Associate's,676,Community College,"$18,932",9.12%,48,Current,100%,0.30
L900139,2020,$30K-$50K,High School,850,PWI,"$8,576",6.68%,24,Current,100%,0.34
L900140,2022,$75K-$100K,PhD,782,PWI,"$27,190",8.26%,24,Current,100%,0.29
L900141,2021,$100K+,Bachelor's,715,HBCU,"$29,052",11.98%,60,Current,100%,0.30
L900142,2021,$75K-$100K,Master's,680,HSI,"$17,748",12.81%,48,Current,99.00%,0.28
L900143,2020,$50K-$75K,Bachelor's,694,PWI,"$10,519",11.29%,48,Current,100%,0.30
L900144,2022,<$30K,High School,596,N/A,"$5,630",15.32%,24,Current,100%,0.47
L900145,2023,$50K-$75K,Some College,577,Community College,"$23,399",19.24%,24,Denied,,0.29
L900146,2019,$30K-$50K,Associate's,549,Community College,"$6,956",18.26%,48,Denied,,0.43
L900147,2021,$50K-$75K,Bachelor's,845,PWI,"$10,741",6.40%,60,Current,100%,0.30
L900148,2021,$50K-$75K,Some College,836,PWI,"$13,738",5.27%,36,Current,100%,0.36
L900149,2020,$50K-$75K,Associate's,619,Community College,"$18,892",15.80%,48,Current,100%,0.40
L900150,2022,$75K-$100K,Bachelor's,784,PWI,"$27,414",8.24%,60,Current,100%,0.31
L900151,2023,$75K-$100K,Bachelor's,804,HSI,"$18,519",5.07%,48,Approved,,0.28
L900152,2021,$100K+,Bachelor's,756,PWI,"$43,388",7.43%,36,Denied,,0.30
L900153,2020,$50K-$75K,Bachelor's,762,PWI,"$16,569",8.87%,60,Current,94.00%,0.36
L900154,2019,$100K+,Bachelor's,685,PWI,"$34,375",11.22%,24,Denied,,0.20
L900155,2021,$30K-$50K,Associate's,616,Community College,"$9,785",13.01%,24,Denied,,0.42
L900156,2021,$30K-$50K,Associate's,789,Community College,"$14,208",7.75%,24,Current,100%,0.38
L900157,2021,$50K-$75K,Associate's,673,Community College,"$14,732",10.83%,24,Current,100%,0.29
L900158,2019,$75K-$100K,Master's,661,PWI,"$17,390",16.68%,48,Denied,,0.33
L900159,2020,$75K-$100K,Master's,655,PWI,"$31,353",15.02%,60,Current,98.00%,0.27
L900160,2019,$75K-$100K,Bachelor's,740,HSI,"$31,913",10.31%,36,Current,94.00%,0.37
L900161,2019,$50K-$75K,Some College,703,Community College,"$19,785",9.85%,24,Current,85.00%,0.38
L900162,2022,$50K-$75K,Bachelor's,688,PWI,"$23,721",9.08%,60,Current,100%,0.36
L900163,2021,$75K-$100K,Master's,702,PWI,"$24,001",11.81%,48,Current,100%,0.24
L900164,2020,$30K-$50K,High School,723,HBCU,"$11,802",12.45%,36,Current,100%,0.32
L900165,2022,$100K+,Bachelor's,634,HSI,"$45,910",17.27%,24,Default,38.00%,0.26
L900166,2022,$100K+,PhD,623,PWI,"$29,924",12.50%,24,Current,100%,0.21
L900167,2020,<$30K,High School,663,PWI,"$5,263",17.75%,36,Current,95.00%,0.40
L900168,2021,$100K+,Bachelor's,644,PWI,"$49,037",17.07%,48,Denied,,0.22
L900169,2020,$100K+,Master's,624,HSI,"$23,112",21.31%,36,Current,100%,0.24
L900170,2021,$50K-$75K,Associate's,801,Community College,"$11,901",5.54%,36,Current,85.00%,0.32
L900171,2021,$75K-$100K,Master's,677,PWI,"$27,075",10.52%,48,Current,100%,0.22
L900172,2020,$100K+,Bachelor's,625,HBCU,"$31,859",17.04%,48,Denied,,0.25
L900173,2019,$50K-$75K,Bachelor's,639,HBCU,"$13,287",16.36%,60,Current,100%,0.38
L900174,2021,$75K-$100K,Master's,728,HBCU,"$20,062",12.76%,24,Current,100%,0.24
L900175,2020,$50K-$75K,Associate's,652,HSI,"$16,200",16.25%,24,Current,100%,0.37
L900176,2020,$75K-$100K,Master's,784,PWI,"$32,157",8.96%,36,Current,100%,0.22
L900177,2021,$30K-$50K,High School,591,N/A,"$14,379",14.80%,48,Late,77.00%,0.38
L900178,2021,$75K-$100K,Bachelor's,669,HBCU,"$27,919",16.30%,48,Current,100%,0.26
L900179,2020,$100K+,Bachelor's,677,HBCU,"$33,009",13.11%,36,Current,87.00%,0.23
L900180,2021,$50K-$75K,Bachelor's,765,HBCU,"$11,634",9.95%,24,Current,100%,0.34
L900181,2019,$100K+,PhD,663,PWI,"$37,895",16.51%,36,Current,97.00%,0.28
L900182,2019,$100K+,Bachelor's,620,HSI,"$26,654",20.19%,60,Denied,,0.25
L900183,2020,$75K-$100K,Bachelor's,702,PWI,"$22,705",10.10%,36,Current,91.00%,0.30
L900184,2021,$30K-$50K,Some College,724,PWI,"$13,176",9.69%,48,Current,93.00%,0.39
L900185,2022,$50K-$75K,Bachelor's,668,HBCU,"$16,125",12.29%,48,Default,41.00%,0.36
L900186,2022,$75K-$100K,Master's,782,HBCU,"$21,387",8.17%,24,Current,95.00%,0.35
L900187,2020,$50K-$75K,Associate's,621,HSI,"$11,036",16.62%,24,Current,86.00%,0.30
L900188,2023,$100K+,Bachelor's,643,HBCU,"$32,263",15.14%,36,Denied,,0.25
L900189,2021,$50K-$75K,Some College,620,Community College,"$23,511",12.83%,60,Current,100%,0.40
L900190,2021,$75K-$100K,Bachelor's,829,PWI,"$33,573",6.69%,36,Current,85.00%,0.34
L900191,2019,<$30K,Some College,621,Community College,"$6,071",14.90%,48,Denied,,0.46
L900192,2020,$75K-$100K,Associate's,710,PWI,"$31,741",11.26%,60,Current,100%,0.29
L900193,2020,$75K-$100K,Bachelor's,710,HSI,"$27,705",14.29%,48,Current,100%,0.29
L900194,2020,$100K+,Master's,786,HSI,"$25,571",11.23%,60,Current,92.00%,0.20
L900195,2020,$100K+,Bachelor's,594,PWI,"$43,615",17.92%,36,Default,53.00%,0.26
L900196,2020,$100K+,Master's,665,HBCU,"$32,697",19.48%,60,Current,100%,0.28
L900197,2022,$75K-$100K,Master's,813,PWI,"$18,440",5.30%,48,Current,100%,0.28
L900198,2021,$50K-$75K,Associate's,605,HSI,"$15,441",19.27%,36,Default,63.00%,0.42
L900199,2020,$50K-$75K,Bachelor's,715,PWI,"$16,174",11.54%,60,Current,85.00%,0.33
L900200,2022,$30K-$50K,High School,615,HBCU,"$6,279",15.43%,24,Current,87.00%,0.41
L900201,2023,$50K-$75K,Associate's,615,Community College,"$23,061",14.35%,48,Approved,,0.39
L900202,2021,<$30K,Some College,676,Community College,"$6,203",11.26%,36,Current,100%,0.37
L900203,2021,$50K-$75K,Associate's,635,Community College,"$24,965",14.34%,60,Denied,,0.38
L900204,2019,$100K+,PhD,626,HBCU,"$23,986",15.34%,24,Denied,,0.30
L900205,2021,$100K+,Master's,830,PWI,"$21,425",6.04%,36,Current,91.00%,0.25
L900206,2019,$30K-$50K,Some College,820,PWI,"$6,676",6.90%,60,Denied,,0.36
L900207,2022,$30K-$50K,Associate's,623,Community College,"$11,588",17.65%,24,Current,94.00%,0.41
L900208,2023,$100K+,Master's,724,HBCU,"$34,606",9.61%,36,Approved,,0.23
L900209,2021,$30K-$50K,Associate's,759,Community College,"$14,519",8.11%,60,Current,85.00%,0.39
L900210,2023,$50K-$75K,Bachelor's,755,HSI,"$12,787",8.17%,36,Approved,,0.36
L900211,2019,$75K-$100K,Master's,822,PWI,"$30,588",6.11%,24,Current,100%,0.29
L900212,2021,<$30K,Some College,591,HSI,"$9,571",19.24%,24,Late,80.00%,0.37
L900213,2021,$100K+,Bachelor's,783,HBCU,"$31,736",9.70%,48,Current,100%,0.20
L900214,2020,$75K-$100K,Master's,658,HBCU,"$32,744",15.56%,48,Denied,,0.30
L900215,2021,$50K-$75K,Associate's,753,Community College,"$15,028",7.67%,48,Current,100%,0.29
L900216,2021,$75K-$100K,Master's,663,HSI,"$24,642",16.52%,24,Late,72.00%,0.23
L900217,2021,$100K+,Master's,608,HSI,"$37,694",14.81%,24,Current,100%,0.27
L900218,2022,$50K-$75K,Associate's,634,PWI,"$20,818",17.98%,60,Current,100%,0.36
L900219,2021,$75K-$100K,PhD,711,PWI,"$18,751",11.97%,48,Current,100%,0.33
L900220,2021,$100K+,Bachelor's,574,HSI,"$35,349",21.65%,60,Late,85.00%,0.23
L900221,2020,$100K+,Bachelor's,740,HSI,"$42,443",9.96%,36,Current,91.00%,0.25
L900222,2020,$100K+,Bachelor's,677,PWI,"$23,630",11.05%,48,Current,100%,0.20
L900223,2023,$100K+,Bachelor's,636,HBCU,"$34,755",11.62%,60,Approved,,0.23
L900224,2020,$100K+,Bachelor's,782,PWI,"$49,203",8.77%,60,Current,90.00%,0.20
L900225,2019,$30K-$50K,Some College,676,HSI,"$12,016",12.25%,36,Current,88.00%,0.39
L900226,2021,$75K-$100K,Master's,690,HBCU,"$16,457",11.64%,24,Current,89.00%,0.29
L900227,2023,$100K+,Master's,834,PWI,"$25,590",6.78%,36,Approved,,0.32
L900228,2021,$50K-$75K,Some College,743,HSI,"$23,949",11.04%,36,Denied,,0.38
L900229,2019,<$30K,Some College,672,PWI,"$7,800",9.36%,36,Denied,,0.50
L900230,2021,$75K-$100K,Bachelor's,850,PWI,"$33,636",5.52%,48,Current,100%,0.26
L900231,2021,$75K-$100K,Bachelor's,766,PWI,"$22,832",8.65%,24,Current,100%,0.34
L900232,2022,$100K+,Bachelor's,723,HSI,"$48,979",9.98%,60,Current,100%,0.23
L900233,2020,<$30K,High School,717,PWI,"$5,754",10.09%,48,Current,100%,0.51
L900234,2020,$100K+,Bachelor's,709,PWI,"$37,327",9.51%,48,Current,95.00%,0.25
L900235,2021,$75K-$100K,Bachelor's,652,HBCU,"$30,645",18.02%,60,Current,100%,0.36
L900236,2022,$75K-$100K,PhD,765,HBCU,"$22,611",7.69%,24,Current,100%,0.35
L900237,2020,$75K-$100K,Associate's,814,Community College,"$20,869",5.12%,24,Current,100%,0.29
L900238,2021,$100K+,Master's,691,HSI,"$44,105",11.72%,24,Current,100%,0.28
L900239,2021,$100K+,Bachelor's,631,PWI,"$31,301",13.96%,48,Current,100%,0.28
L900240,2021,$100K+,Master's,734,HSI,"$40,777",13.50%,24,Current,100%,0.26
L900241,2021,$75K-$100K,Bachelor's,658,PWI,"$16,417",16.39%,36,Current,100%,0.24
L900242,2021,$75K-$100K,PhD,639,PWI,"$29,381",13.83%,24,Current,86.00%,0.34
L900243,2020,$100K+,Master's,810,PWI,"$21,833",6.55%,60,Current,100%,0.28
L900244,2020,$75K-$100K,Associate's,616,Community College,"$34,845",13.41%,60,Current,100%,0.30
L900245,2019,$50K-$75K,Bachelor's,659,HBCU,"$20,946",18.14%,36,Denied,,0.34
L900246,2021,$75K-$100K,PhD,795,PWI,"$20,251",7.71%,24,Late,88.00%,0.33
L900247,2020,$50K-$75K,Some College,708,HSI,"$10,093",13.57%,24,Current,100%,0.32
L900248,2020,$75K-$100K,Bachelor's,717,HSI,"$18,031",15.15%,48,Current,100%,0.34
L900249,2020,$75K-$100K,Associate's,831,PWI,"$15,723",6.52%,48,Current,100%,0.21
L900250,2020,$50K-$75K,Some College,755,Community College,"$17,304",8.04%,36,Current,100%,0.31
L900251,2022,$30K-$50K,High School,756,HSI,"$12,211",9.43%,60,Current,100%,0.40
L900252,2021,$30K-$50K,High School,625,PWI,"$9,118",14.00%,60,Denied,,0.41
L900253,2020,$50K-$75K,Bachelor's,710,PWI,"$16,958",10.09%,48,Current,100%,0.38
L900254,2020,$75K-$100K,Master's,655,PWI,"$29,555",13.47%,24,Current,100%,0.30
L900255,2021,$100K+,Master's,739,HBCU,"$46,193",11.49%,60,Current,100%,0.27
L900256,2020,$50K-$75K,Bachelor's,758,PWI,"$20,241",8.46%,24,Current,100%,0.39
L900257,2019,$100K+,Bachelor's,835,PWI,"$26,145",5.75%,24,Current,100%,0.29
L900258,2021,$50K-$75K,Bachelor's,793,HSI,"$22,498",10.50%,36,Current,89.00%,0.36
L900259,2022,$75K-$100K,PhD,808,HSI,"$23,698",5.91%,60,Current,100%,0.26
L900260,2021,$30K-$50K,Associate's,787,PWI,"$5,432",8.03%,48,Current,100%,0.40
L900261,2022,$50K-$75K,Bachelor's,709,PWI,"$18,941",10.38%,60,Current,100%,0.34
L900262,2022,$75K-$100K,PhD,813,HBCU,"$17,748",5.55%,60,Current,90.00%,0.28
L900263,2022,$50K-$75K,High School,601,HBCU,"$16,328",16.73%,60,Current,86.00%,0.31
L900264,2021,$50K-$75K,Associate's,837,PWI,"$10,433",5.56%,48,Current,90.00%,0.26
L900265,2020,$100K+,Bachelor's,651,HBCU,"$32,445",19.73%,24,Current,100%,0.25
L900266,2022,$75K-$100K,Master's,758,HBCU,"$29,289",8.07%,24,Current,100%,0.29
L900267,2021,$30K-$50K,Some College,816,Community College,"$10,068",5.80%,24,Current,99.00%,0.41
L900268,2019,$100K+,Master's,831,PWI,"$32,243",6.26%,24,Current,100%,0.24
L900269,2021,$50K-$75K,Bachelor's,822,PWI,"$22,158",5.73%,48,Current,100%,0.26
L900270,2021,$75K-$100K,PhD,834,PWI,"$15,356",5.32%,24,Current,100%,0.24
L900271,2022,$50K-$75K,Some College,670,HBCU,"$12,294",8.81%,36,Current,98.00%,0.36
L900272,2020,$50K-$75K,Bachelor's,715,PWI,"$22,944",9.15%,36,Current,100%,0.37
L900273,2019,<$30K,Some College,644,HSI,"$3,811",17.28%,60,Current,92.00%,0.53
L900274,2019,$75K-$100K,Associate's,780,PWI,"$27,989",8.25%,48,Late,74.00%,0.34
L900275,2022,$50K-$75K,High School,774,HBCU,"$14,670",7.37%,60,Current,100%,0.35
L900276,2023,$100K+,Bachelor's,850,PWI,"$26,682",6.76%,48,Approved,,0.24
L900277,2022,$50K-$75K,Associate's,763,PWI,"$11,083",7.65%,60,Current,100%,0.41
L900278,2020,$100K+,Bachelor's,587,HBCU,"$45,078",20.80%,60,Denied,,0.29
L900279,2023,$50K-$75K,Associate's,707,Community College,"$17,526",11.82%,36,Approved,,0.33
L900280,2022,<$30K,High School,614,HSI,"$8,355",18.26%,36,Current,100%,0.41
L900281,2021,$100K+,Bachelor's,766,PWI,"$48,769",7.80%,36,Current,95.00%,0.28
L900282,2020,$50K-$75K,Bachelor's,708,PWI,"$19,838",10.87%,36,Denied,,0.29
L900283,2020,$100K+,PhD,678,PWI,"$43,834",9.12%,60,Current,92.00%,0.28
L900284,2019,$50K-$75K,Associate's,718,N/A,"$17,692",11.23%,48,Current,100%,0.29
L900285,2022,$100K+,PhD,617,PWI,"$45,854",16.05%,60,Current,100%,0.28
L900286,2021,$30K-$50K,High School,673,PWI,"$11,871",11.72%,36,Current,100%,0.38
L900287,2021,$75K-$100K,Bachelor's,618,HSI,"$20,081",19.45%,36,Denied,,0.34
L900288,2019,$100K+,Master's,654,HSI,"$24,458",21.01%,48,Current,85.00%,0.28
L900289,2022,$50K-$75K,Bachelor's,726,PWI,"$22,514",9.56%,60,Current,100%,0.35
L900290,2022,$75K-$100K,Master's,782,PWI,"$30,804",7.61%,24,Current,100%,0.24
L900291,2020,<$30K,Some College,763,PWI,"$4,984",7.59%,60,Current,100%,0.40
L900292,2019,$100K+,Bachelor's,850,PWI,"$47,283",6.34%,36,Current,90.00%,0.26
L900293,2022,$100K+,Bachelor's,742,HSI,"$26,509",8.79%,36,Denied,,0.20
L900294,2020,$50K-$75K,Bachelor's,789,HSI,"$20,021",12.26%,24,Current,89.00%,0.38
L900295,2020,$50K-$75K,Bachelor's,695,PWI,"$12,817",10.29%,60,Current,89.00%,0.39
L900296,2020,$50K-$75K,Bachelor's,782,PWI,"$23,461",7.44%,24,Current,95.00%,0.32
L900297,2021,$50K-$75K,Bachelor's,672,PWI,"$13,093",9.31%,36,Denied,,0.33
L900298,2021,$50K-$75K,Associate's,670,Community College,"$22,512",10.43%,36,Current,100%,0.38
L900299,2023,$50K-$75K,Some College,604,HSI,"$16,997",11.63%,60,Denied,,0.37