,Treatment,Device,Service,Eligible,AdShown,AdClick,Revenue
0,A,Desktop,Other,1,1,1,1.69
1,A,Desktop,Other,1,0,0,
2,B,Desktop,Other,1,1,1,1.5
3,B,Mobile,Local,1,0,0,
4,A,Mobile,Other,1,1,1,1.77
5,B,Mobile,Local,1,1,1,5.87
6,B,Mobile,Local,1,1,1,5.69
7,B,Mobile,Local,1,0,0,
8,B,Mobile,Local,1,0,0,
9,A,Mobile,Other,1,1,1,1.69
10,A,Mobile,Other,1,1,0,
11,A,Mobile,Local,1,1,1,6.17
12,B,Desktop,Other,1,1,1,1.4
13,A,Mobile,Local,1,1,0,
14,B,Mobile,Local,1,1,0,
15,A,Mobile,Other,1,1,1,1.81
16,B,Mobile,Other,0,0,0,
17,B,Mobile,Other,1,1,1,1.64
18,A,Desktop,Other,1,1,0,
19,B,Mobile,Other,1,1,1,1.75
20,B,Mobile,Other,1,1,1,1.29
21,A,Desktop,Local,1,1,1,6.08
22,B,Mobile,Other,1,1,1,1.4
23,A,Mobile,Local,1,1,1,5.88
24,A,Mobile,Local,1,1,1,5.98
25,A,Desktop,Local,1,1,1,6.34
26,A,Mobile,Other,1,1,1,1.63
27,A,Mobile,Local,1,1,1,5.76
28,B,Mobile,Other,1,0,0,
29,A,Mobile,Other,1,1,1,1.36
30,A,Mobile,Local,1,1,1,6.18
31,B,Mobile,Local,1,0,0,
32,A,Mobile,Local,1,1,1,6.26
33,A,Desktop,Local,1,1,1,6.14
34,B,Mobile,Local,0,0,0,
35,B,Mobile,Other,1,0,0,
36,B,Mobile,Local,1,1,1,5.91
37,A,Mobile,Other,0,0,0,
38,B,Desktop,Local,1,1,1,5.98
39,A,Mobile,Local,1,1,1,6.17
40,B,Mobile,Local,1,1,1,6.15
41,B,Mobile,Local,1,1,1,5.98
42,B,Desktop,Other,1,0,0,
43,B,Mobile,Local,1,1,1,5.91
44,B,Desktop,Other,1,1,1,1.57
45,B,Mobile,Other,1,1,1,1.72
46,A,Desktop,Local,1,1,1,5.74
47,A,Mobile,Other,1,1,0,
48,B,Mobile,Local,1,0,0,
49,B,Desktop,Local,1,1,1,5.55
50,A,Mobile,Local,1,1,1,6.0
51,B,Desktop,Local,1,1,0,
52,A,Mobile,Local,1,1,1,5.98
53,A,Mobile,Local,1,1,0,
54,A,Desktop,Local,1,1,1,6.03
55,A,Mobile,Other,1,1,1,1.26
56,A,Mobile,Local,1,1,1,6.27
57,B,Mobile,Other,1,1,1,1.21
58,B,Desktop,Local,1,1,1,5.88
59,A,Mobile,Local,1,1,1,5.6
60,B,Mobile,Other,1,1,0,
61,A,Mobile,Local,1,1,1,6.38
62,A,Mobile,Local,1,1,1,6.22
63,A,Desktop,Local,1,1,0,
64,B,Mobile,Other,0,0,0,
65,A,Mobile,Local,1,1,1,6.41
66,A,Mobile,Local,1,1,1,5.81
67,B,Mobile,Other,1,1,1,1.26
68,A,Desktop,Local,1,1,1,6.16
69,B,Mobile,Other,1,1,1,1.3
70,A,Mobile,Local,1,1,1,6.37
71,B,Desktop,Other,1,1,1,0.97
72,A,Mobile,Local,1,1,0,
73,A,Desktop,Other,0,0,0,
74,A,Desktop,Local,1,1,1,6.46
75,B,Mobile,Other,1,1,0,
76,B,Desktop,Other,1,1,1,1.18
77,A,Mobile,Other,1,1,1,0.92
78,B,Mobile,Other,1,1,1,1.54
79,B,Mobile,Local,1,1,1,6.45
80,A,Mobile,Other,1,1,1,1.99
81,B,Mobile,Local,1,1,0,
82,A,Mobile,Local,1,1,1,5.62
83,A,Mobile,Local,1,1,1,5.58
84,B,Mobile,Other,0,0,0,
85,A,Desktop,Other,1,1,1,1.4
86,B,Mobile,Local,1,1,1,5.4
87,A,Mobile,Local,1,1,1,5.53
88,A,Desktop,Local,1,0,0,
89,A,Mobile,Local,1,1,1,5.87
90,A,Desktop,Local,0,0,0,
91,A,Mobile,Local,1,1,1,6.49
92,B,Desktop,Other,1,1,1,1.82
93,B,Mobile,Local,1,1,1,6.44
94,B,Mobile,Local,1,1,1,5.94
95,B,Mobile,Other,1,1,1,1.91
96,A,Mobile,Other,0,0,0,
97,A,Desktop,Other,1,1,0,
98,B,Mobile,Local,1,1,1,5.82
99,B,Mobile,Other,1,1,1,1.67
100,B,Mobile,Local,1,1,1,6.18
101,A,Mobile,Other,1,1,1,1.51
102,A,Mobile,Other,1,1,0,
103,B,Mobile,Local,1,1,1,6.08
104,B,Mobile,Other,1,1,1,1.69
105,A,Desktop,Local,1,1,1,5.56
106,A,Desktop,Local,1,1,0,
107,A,Mobile,Local,1,1,1,5.43
108,B,Desktop,Local,1,0,0,
109,B,Mobile,Other,1,1,0,
110,B,Mobile,Other,1,1,0,
111,B,Mobile,Other,1,1,0,
112,A,Desktop,Local,1,1,1,5.8
113,A,Desktop,Local,1,1,0,
114,A,Mobile,Local,1,1,0,
115,A,Mobile,Other,1,1,1,1.71
116,B,Desktop,Local,1,1,1,5.72
117,A,Desktop,Local,1,1,0,
118,A,Mobile,Other,1,1,0,
119,B,Desktop,Local,0,0,0,
120,B,Mobile,Other,1,1,1,1.6
121,A,Mobile,Local,1,1,1,5.72
122,A,Desktop,Local,1,1,1,5.91
123,A,Mobile,Other,1,1,1,1.55
124,B,Desktop,Other,1,1,0,
125,A,Mobile,Local,1,1,1,5.74
126,B,Mobile,Local,1,1,1,5.47
127,A,Mobile,Other,1,1,1,1.54
128,A,Mobile,Local,1,1,0,
129,B,Desktop,Other,1,0,0,
130,B,Mobile,Other,1,1,1,1.65
131,A,Desktop,Local,1,1,1,6.01
132,A,Mobile,Local,1,1,0,
133,B,Desktop,Other,1,1,0,
134,B,Mobile,Other,1,0,0,
135,B,Mobile,Other,1,1,1,1.27
136,B,Mobile,Other,1,0,0,
137,B,Desktop,Other,1,1,0,
138,B,Mobile,Other,1,1,1,1.42
139,B,Mobile,Other,1,1,0,
140,B,Desktop,Other,1,1,1,1.31
141,B,Mobile,Other,1,1,0,
142,A,Mobile,Local,1,1,1,5.44
143,A,Mobile,Other,1,1,1,1.07
144,B,Mobile,Other,1,0,0,
145,A,Mobile,Local,1,1,1,6.33
146,A,Mobile,Local,1,1,1,5.66
147,B,Mobile,Local,1,1,1,6.21
148,A,Desktop,Other,1,1,1,1.56
149,B,Mobile,Local,1,1,1,5.96
150,B,Mobile,Local,1,1,1,5.66
151,B,Mobile,Local,1,0,0,
152,A,Mobile,Local,1,1,1,5.62
153,A,Mobile,Local,1,1,1,6.08
154,B,Mobile,Other,1,1,0,
155,A,Mobile,Other,1,1,1,1.26
156,B,Desktop,Other,1,1,1,1.91
157,A,Mobile,Other,1,1,1,1.44
158,A,Mobile,Local,1,1,1,6.37
159,A,Mobile,Local,1,1,1,6.51
160,A,Desktop,Local,1,1,1,5.87
161,B,Desktop,Local,1,1,1,5.87
162,A,Mobile,Local,1,1,1,6.1
163,B,Mobile,Local,1,1,0,
164,B,Mobile,Local,1,1,1,6.09
165,A,Desktop,Local,0,0,0,
166,A,Mobile,Other,1,1,1,1.34
167,A,Mobile,Other,1,1,1,1.66
168,B,Mobile,Other,1,0,0,
169,A,Mobile,Local,1,1,1,5.84
170,B,Mobile,Other,1,0,0,
171,B,Mobile,Local,1,1,1,6.28
172,B,Desktop,Local,1,1,1,5.89
173,A,Mobile,Local,1,1,1,6.12
174,A,Mobile,Other,1,1,0,
175,B,Mobile,Other,1,0,0,
176,B,Desktop,Other,1,1,0,
177,B,Mobile,Other,1,1,0,
178,B,Mobile,Local,1,1,1,5.28
179,B,Mobile,Local,1,1,1,6.03
180,A,Desktop,Local,1,0,0,
181,A,Desktop,Other,1,1,0,
182,B,Desktop,Local,1,1,1,5.99
183,B,Mobile,Local,1,1,0,
184,B,Mobile,Other,1,1,1,1.32
185,A,Desktop,Local,1,1,1,6.22
186,B,Mobile,Other,1,1,1,1.44
187,B,Mobile,Other,1,0,0,
188,B,Mobile,Other,1,1,0,
189,B,Mobile,Other,1,1,1,1.06
190,B,Mobile,Local,1,0,0,
191,A,Desktop,Local,1,1,0,
192,A,Desktop,Local,1,1,1,6.43
193,B,Desktop,Local,1,1,1,5.39
194,A,Desktop,Other,1,0,0,
195,B,Mobile,Local,1,0,0,
196,A,Mobile,Local,1,0,0,
197,B,Mobile,Local,1,0,0,
198,A,Mobile,Local,1,0,0,
199,B,Mobile,Local,1,1,1,6.34
200,A,Mobile,Other,1,1,1,1.41
201,A,Desktop,Local,1,1,1,5.84
202,B,Mobile,Local,1,1,1,6.34
203,A,Mobile,Local,1,1,1,6.7
204,A,Desktop,Other,1,1,0,
205,B,Mobile,Local,1,0,0,
206,B,Mobile,Local,1,1,1,6.45
207,A,Mobile,Other,1,1,1,1.77
208,A,Mobile,Local,1,1,1,6.27
209,B,Mobile,Local,1,1,1,6.35
210,B,Mobile,Other,1,1,1,1.92
211,A,Desktop,Other,1,1,1,1.41
212,B,Mobile,Local,1,1,0,
213,B,Mobile,Other,1,1,1,1.69
214,B,Mobile,Local,1,1,1,5.93
215,A,Mobile,Local,1,1,1,5.39
216,B,Mobile,Local,1,0,0,
217,B,Mobile,Local,1,1,1,6.07
218,B,Desktop,Other,1,1,1,1.59
219,A,Mobile,Local,1,1,1,5.46
220,A,Mobile,Other,1,1,1,1.66
221,A,Mobile,Local,1,1,1,6.13
222,A,Desktop,Other,1,1,1,1.85
223,B,Mobile,Other,1,1,1,1.66
224,B,Mobile,Other,1,1,0,
225,B,Mobile,Other,1,1,1,1.31
226,A,Desktop,Other,1,1,1,1.39
227,A,Mobile,Local,1,1,1,5.79
228,A,Mobile,Local,1,1,1,6.61
229,B,Desktop,Other,1,0,0,
230,A,Desktop,Other,1,1,0,
231,A,Mobile,Local,1,1,1,5.59
232,A,Mobile,Local,1,1,1,6.18
233,B,Mobile,Other,1,1,1,1.59
234,A,Mobile,Other,1,1,1,1.62
235,B,Mobile,Other,1,1,0,
236,B,Mobile,Local,1,1,1,5.49
237,B,Mobile,Other,1,1,1,1.15
238,A,Mobile,Other,1,1,1,1.13
239,A,Desktop,Other,1,1,1,1.48
240,A,Mobile,Local,1,1,1,6.01
241,B,Mobile,Local,1,0,0,
242,B,Mobile,Local,1,1,1,5.97
243,A,Mobile,Local,1,1,1,6.13
244,A,Mobile,Local,1,1,1,5.75
245,A,Mobile,Local,1,1,1,6.06
246,A,Mobile,Other,1,1,1,1.76
247,A,Mobile,Other,1,1,1,1.58
248,A,Desktop,Local,1,1,1,6.62
249,B,Desktop,Local,1,1,1,5.46
250,B,Mobile,Local,1,1,1,5.81
251,B,Desktop,Other,1,1,1,1.18
252,A,Mobile,Local,1,1,0,
253,B,Mobile,Local,1,0,0,
254,A,Mobile,Other,1,1,0,
255,A,Mobile,Other,1,1,1,1.31
256,A,Mobile,Local,1,1,1,6.37
257,A,Mobile,Local,1,1,0,
258,A,Mobile,Other,1,1,1,0.99
259,B,Desktop,Local,1,0,0,
260,B,Desktop,Other,1,0,0,
261,A,Mobile,Other,1,1,1,1.16
262,A,Mobile,Other,1,1,1,1.55
263,B,Mobile,Local,1,0,0,
264,B,Mobile,Other,1,1,0,
265,A,Mobile,Other,1,1,1,1.64
266,A,Mobile,Local,1,1,1,6.18
267,B,Desktop,Local,1,0,0,
268,B,Mobile,Other,1,1,1,1.77
269,A,Desktop,Local,1,1,0,
270,A,Desktop,Other,1,1,1,0.94
271,A,Desktop,Local,1,1,1,6.51
272,A,Mobile,Local,1,1,1,6.1
273,A,Mobile,Local,1,1,1,5.72
274,A,Mobile,Local,1,1,1,5.89
275,A,Desktop,Local,1,1,0,
276,A,Desktop,Local,1,0,0,
277,A,Mobile,Local,1,1,1,5.89
278,A,Mobile,Local,1,1,1,6.38
279,B,Desktop,Local,1,1,1,6.08
280,A,Desktop,Other,1,1,1,1.55
281,B,Desktop,Other,1,1,0,
282,B,Mobile,Other,1,1,0,
283,A,Mobile,Other,1,1,1,1.33
284,A,Mobile,Local,1,1,1,5.9
285,A,Desktop,Local,1,1,1,6.53
286,A,Desktop,Local,1,1,1,5.44
287,A,Mobile,Local,1,1,1,5.83
288,A,Desktop,Other,0,0,0,
289,A,Mobile,Local,1,1,1,5.71
290,A,Mobile,Other,1,1,1,1.59
291,A,Mobile,Other,1,1,1,1.57
292,B,Mobile,Other,1,1,0,
293,A,Mobile,Local,1,1,0,
294,B,Mobile,Local,1,1,0,
295,B,Mobile,Other,1,1,1,1.43
296,A,Desktop,Other,1,1,1,1.31
297,A,Mobile,Local,1,1,1,6.68
298,A,Mobile,Local,1,1,1,5.9
299,B,Desktop,Other,1,1,1,1.38
300,B,Mobile,Local,1,1,1,6.41
301,A,Desktop,Other,1,1,1,0.93
302,A,Mobile,Local,0,0,0,
303,A,Mobile,Other,1,1,0,
304,A,Desktop,Local,1,1,0,
305,B,Mobile,Other,1,1,1,1.52
306,A,Mobile,Local,1,1,1,6.03
307,B,Desktop,Other,1,0,0,
308,A,Mobile,Local,0,0,0,
309,A,Desktop,Local,1,1,0,
310,A,Mobile,Local,1,1,1,5.99
311,A,Mobile,Local,1,1,0,
312,B,Mobile,Local,1,0,0,
313,B,Mobile,Other,1,1,0,
314,A,Mobile,Local,1,1,1,5.76
315,A,Mobile,Local,1,1,1,5.79
316,A,Mobile,Other,1,1,1,0.95
317,A,Mobile,Local,0,0,0,
318,B,Mobile,Local,1,0,0,
319,B,Mobile,Local,1,1,1,6.01
320,B,Mobile,Other,1,1,1,2.1
321,A,Desktop,Other,1,0,0,
322,A,Desktop,Other,1,1,1,1.52
323,B,Mobile,Local,1,1,1,6.21
324,B,Mobile,Other,1,1,1,1.46
325,B,Mobile,Local,1,1,1,5.74
326,B,Mobile,Local,1,0,0,
327,B,Mobile,Local,1,1,1,5.82
328,A,Mobile,Local,1,1,1,6.38
329,B,Desktop,Local,1,1,1,6.04
330,B,Mobile,Local,1,1,0,
331,A,Mobile,Local,1,1,0,
332,A,Desktop,Other,1,1,0,
333,B,Mobile,Other,1,1,1,0.94
334,A,Mobile,Other,1,1,1,1.17
335,A,Desktop,Local,1,1,1,6.16
336,A,Mobile,Local,1,1,1,5.94
337,A,Mobile,Local,1,1,1,5.63
338,B,Mobile,Other,1,1,1,1.08
339,B,Mobile,Other,1,1,1,0.95
340,B,Mobile,Local,1,1,1,6.26
341,A,Mobile,Other,1,1,1,1.85
342,B,Mobile,Local,1,0,0,
343,A,Desktop,Other,1,1,1,1.47
344,B,Mobile,Other,1,1,1,1.58
345,A,Desktop,Local,1,1,1,5.84
346,A,Desktop,Local,1,1,1,5.66
347,A,Desktop,Local,1,1,1,6.25
348,A,Desktop,Local,1,1,1,5.32
349,B,Desktop,Other,1,1,1,1.74
350,A,Desktop,Local,1,1,1,6.17
351,A,Desktop,Other,1,1,0,
352,B,Mobile,Local,1,1,1,5.98
353,A,Desktop,Local,1,1,0,
354,B,Desktop,Local,1,1,1,6.17
355,A,Mobile,Local,1,1,1,6.11
356,B,Mobile,Local,1,1,1,6.47
357,A,Desktop,Local,1,1,1,6.02
358,B,Mobile,Other,1,1,1,1.68
359,A,Mobile,Local,1,1,1,6.03
360,A,Desktop,Local,1,1,0,
361,A,Mobile,Local,1,1,1,5.82
362,B,Mobile,Local,1,1,1,5.88
363,A,Mobile,Local,1,1,1,5.9
364,B,Mobile,Other,1,1,0,
365,B,Desktop,Other,1,0,0,
366,A,Mobile,Other,1,1,1,1.18
367,B,Mobile,Local,1,0,0,
368,B,Desktop,Other,1,1,1,1.66
369,A,Desktop,Local,1,1,1,6.26
370,A,Desktop,Other,1,1,0,
371,B,Mobile,Other,1,0,0,
372,B,Mobile,Other,1,0,0,
373,A,Mobile,Local,1,1,1,6.29
374,A,Mobile,Local,0,0,0,
375,A,Mobile,Other,1,1,0,
376,A,Desktop,Local,1,1,1,6.36
377,B,Desktop,Local,1,0,0,
378,A,Mobile,Other,1,0,0,
379,A,Mobile,Local,1,1,1,6.37
380,A,Desktop,Local,1,1,0,
381,B,Mobile,Local,1,0,0,
382,B,Mobile,Other,1,0,0,
383,B,Mobile,Local,1,1,1,6.17
384,A,Mobile,Local,1,0,0,
385,A,Desktop,Local,1,1,1,6.13
386,B,Desktop,Other,1,1,1,1.66
387,B,Mobile,Local,0,0,0,
388,A,Mobile,Local,1,1,1,5.97
389,B,Mobile,Local,1,1,0,
390,A,Mobile,Other,1,1,0,
391,A,Mobile,Local,1,1,1,6.01
392,B,Mobile,Other,1,1,0,
393,B,Mobile,Other,1,1,1,1.76
394,A,Mobile,Other,1,1,0,
395,A,Mobile,Other,1,1,1,1.34
396,B,Mobile,Other,1,1,1,1.66
397,A,Mobile,Other,1,1,1,0.94
398,A,Mobile,Local,1,1,1,6.58
399,A,Mobile,Other,1,1,1,1.02
400,B,Mobile,Local,1,1,1,6.36
401,A,Mobile,Other,1,1,1,1.6
402,B,Desktop,Other,1,1,0,
403,B,Desktop,Local,1,1,1,6.28
404,B,Mobile,Local,1,1,1,6.06
405,B,Mobile,Other,1,1,1,1.08
406,A,Mobile,Other,1,1,1,1.29
407,B,Desktop,Local,1,1,0,
408,A,Desktop,Other,1,1,1,1.46
409,B,Mobile,Local,1,1,1,6.42
410,B,Desktop,Local,1,0,0,
411,A,Desktop,Local,1,1,1,6.18
412,B,Mobile,Local,1,1,1,6.21
413,B,Mobile,Local,1,1,1,5.56
414,B,Mobile,Other,1,1,0,
415,A,Mobile,Local,1,0,0,
416,A,Desktop,Other,1,1,0,
417,A,Desktop,Local,1,1,1,6.04
418,B,Desktop,Other,1,1,1,1.71
419,B,Mobile,Local,1,0,0,
420,A,Mobile,Local,1,1,1,5.52
421,B,Desktop,Other,0,0,0,
422,B,Desktop,Local,0,0,0,
423,A,Desktop,Other,1,1,1,1.26
424,A,Mobile,Other,1,1,1,1.86
425,A,Mobile,Other,1,0,0,
426,A,Mobile,Local,1,1,1,6.26
427,B,Mobile,Other,1,1,1,1.68
428,B,Desktop,Other,1,1,1,1.26
429,B,Mobile,Local,1,0,0,
430,B,Desktop,Local,1,1,1,6.43
431,A,Mobile,Local,1,1,1,5.66
432,A,Desktop,Other,1,1,0,
433,B,Mobile,Local,1,1,1,6.46
434,A,Mobile,Local,1,1,1,6.11
435,B,Desktop,Other,1,1,1,1.71
436,B,Desktop,Local,1,1,1,6.04
437,A,Mobile,Other,1,1,0,
438,A,Mobile,Other,1,1,0,
439,B,Desktop,Local,1,1,1,5.7
440,A,Mobile,Other,1,1,1,1.43
441,A,Mobile,Local,1,1,1,6.3
442,B,Desktop,Local,1,1,1,5.61
443,B,Mobile,Local,1,1,1,6.17
444,A,Mobile,Local,1,1,1,5.52
445,A,Desktop,Local,1,1,1,5.39
446,A,Mobile,Other,1,1,1,1.83
447,B,Desktop,Other,1,1,1,1.24
448,A,Desktop,Other,1,1,1,1.72
449,A,Mobile,Other,1,1,1,1.79
450,B,Mobile,Local,1,1,1,6.48
451,A,Desktop,Local,0,0,0,
452,A,Mobile,Local,1,1,1,5.94
453,A,Desktop,Local,0,0,0,
454,A,Mobile,Local,1,1,0,
455,B,Mobile,Local,1,1,1,6.08
456,B,Desktop,Other,1,1,1,0.93
457,B,Desktop,Local,1,0,0,
458,B,Mobile,Local,1,1,1,5.79
459,A,Mobile,Local,1,1,1,5.99
460,A,Mobile,Local,1,1,1,5.75
461,A,Mobile,Other,0,0,0,
462,A,Desktop,Local,1,1,1,5.75
463,A,Mobile,Local,1,1,1,6.08
464,A,Mobile,Local,1,1,1,5.83
465,B,Mobile,Other,1,1,1,1.53
466,B,Mobile,Local,1,1,1,5.63
467,A,Desktop,Local,1,1,1,6.39
468,A,Mobile,Local,1,1,1,5.96
469,B,Mobile,Local,1,1,1,6.34
470,A,Desktop,Local,1,1,1,6.32
471,B,Mobile,Other,1,1,1,1.83
472,B,Mobile,Local,1,0,0,
473,A,Mobile,Other,1,1,1,1.06
474,A,Mobile,Other,1,1,1,1.5
475,A,Mobile,Local,1,1,1,6.18
476,B,Mobile,Other,1,1,1,1.77
477,A,Mobile,Local,1,1,1,5.86
478,A,Mobile,Other,1,1,0,
479,B,Mobile,Other,1,1,1,1.59
480,B,Mobile,Other,1,1,1,1.63
481,A,Mobile,Other,1,1,1,1.39
482,B,Desktop,Local,1,1,1,6.27
483,B,Mobile,Local,1,1,1,6.15
484,B,Mobile,Other,1,1,0,
485,B,Mobile,Other,1,1,1,1.47
486,A,Mobile,Local,1,1,1,6.52
487,A,Mobile,Local,1,1,1,6.43
488,B,Mobile,Other,1,1,1,1.81
489,A,Mobile,Other,1,1,0,
490,A,Mobile,Local,0,0,0,
491,B,Mobile,Local,1,0,0,
492,A,Desktop,Other,1,1,1,1.35
493,A,Mobile,Local,1,1,1,6.37
494,A,Mobile,Other,0,0,0,
495,A,Desktop,Local,1,1,1,6.11
496,A,Mobile,Other,1,1,1,1.49
497,B,Desktop,Local,1,1,1,5.27
498,B,Mobile,Local,1,0,0,
499,A,Mobile,Local,1,1,0,
500,B,Mobile,Other,1,0,0,
501,B,Mobile,Local,1,1,0,
502,B,Desktop,Other,1,0,0,
503,B,Mobile,Local,1,0,0,
504,A,Desktop,Local,0,0,0,
505,B,Mobile,Other,0,0,0,
506,A,Desktop,Other,0,0,0,
507,B,Mobile,Local,1,0,0,
508,B,Mobile,Other,1,0,0,
509,B,Mobile,Local,1,0,0,
510,B,Mobile,Local,1,0,0,
511,A,Mobile,Other,1,1,1,1.58
512,A,Desktop,Other,1,1,1,1.7
513,B,Desktop,Local,1,1,1,5.36
514,B,Mobile,Local,1,0,0,
515,A,Mobile,Local,1,1,1,5.48
516,B,Mobile,Local,1,1,1,6.23
517,B,Desktop,Local,1,1,1,5.87
518,A,Mobile,Other,1,1,0,
519,B,Desktop,Other,1,1,1,1.55
520,B,Mobile,Local,1,1,1,6.33
521,B,Mobile,Other,1,1,0,
522,A,Mobile,Local,1,1,1,5.61
523,A,Mobile,Local,1,1,1,5.79
524,A,Mobile,Local,1,1,1,6.11
525,B,Mobile,Local,1,0,0,
526,B,Mobile,Local,1,1,1,5.46
527,B,Desktop,Local,1,1,1,6.29
528,B,Mobile,Local,1,0,0,
529,B,Desktop,Local,1,0,0,
530,B,Mobile,Local,1,1,1,6.36
531,A,Mobile,Other,1,1,1,1.81
532,A,Desktop,Other,1,1,1,1.65
533,A,Mobile,Local,1,1,1,6.01
534,A,Mobile,Local,1,1,1,6.15
535,A,Desktop,Local,1,1,1,5.92
536,A,Mobile,Local,1,1,1,5.84
537,A,Desktop,Local,1,1,1,6.31
538,A,Desktop,Local,1,1,1,6.33
539,B,Mobile,Local,0,0,0,
540,A,Desktop,Local,1,1,1,6.54
541,B,Mobile,Other,1,1,1,1.57
542,B,Desktop,Local,1,1,1,5.83
543,A,Mobile,Local,1,1,1,5.8
544,A,Desktop,Other,1,1,1,1.42
545,A,Mobile,Local,0,0,0,
546,B,Mobile,Local,1,0,0,
547,A,Mobile,Local,1,1,1,5.96
548,B,Desktop,Other,1,0,0,
549,B,Mobile,Other,1,1,1,1.5
550,B,Desktop,Local,1,1,0,
551,B,Mobile,Other,1,1,1,1.87
552,A,Mobile,Local,1,1,0,
553,B,Desktop,Local,1,1,1,6.48
554,B,Desktop,Local,1,1,1,6.3
555,A,Desktop,Other,1,1,1,1.5
556,A,Mobile,Local,1,1,1,6.06
557,A,Mobile,Local,1,1,1,6.29
558,B,Mobile,Local,1,1,0,
559,B,Mobile,Other,1,1,1,1.8
560,B,Mobile,Local,1,1,1,6.4
561,A,Mobile,Local,1,1,0,
562,A,Desktop,Other,1,1,0,
563,B,Mobile,Local,1,1,1,6.07
564,B,Desktop,Local,1,0,0,
565,B,Desktop,Local,1,0,0,
566,A,Desktop,Local,1,1,1,6.07
567,B,Mobile,Local,1,1,1,6.06
568,A,Mobile,Other,1,1,1,1.33
569,B,Mobile,Other,1,0,0,
570,A,Mobile,Other,1,1,0,
571,A,Mobile,Local,1,1,1,6.15
572,A,Mobile,Other,1,1,1,1.79
573,A,Mobile,Local,1,1,0,
574,B,Desktop,Local,1,0,0,
575,B,Desktop,Other,1,1,1,1.59
576,B,Desktop,Other,1,0,0,
577,A,Desktop,Local,1,1,1,5.62
578,B,Mobile,Local,1,1,1,6.17
579,B,Mobile,Local,1,1,1,6.27
580,A,Desktop,Local,0,0,0,
581,B,Mobile,Local,1,0,0,
582,B,Mobile,Local,1,0,0,
583,A,Mobile,Local,1,1,1,6.05
584,B,Mobile,Local,1,1,1,5.77
585,A,Mobile,Local,1,1,1,6.43
586,A,Desktop,Other,1,1,1,1.83
587,B,Mobile,Local,1,0,0,
588,B,Desktop,Other,1,1,1,0.93
589,B,Mobile,Local,1,0,0,
590,B,Mobile,Other,1,1,1,1.41
591,A,Mobile,Local,0,0,0,
592,B,Mobile,Other,1,1,1,1.5
593,B,Mobile,Local,1,0,0,
594,B,Mobile,Other,0,0,0,
595,B,Desktop,Local,1,0,0,
596,A,Mobile,Other,1,1,0,
597,A,Mobile,Other,0,0,0,
598,A,Desktop,Other,1,1,1,1.16
599,A,Mobile,Other,0,0,0,
600,B,Mobile,Local,1,1,1,6.05
601,B,Mobile,Local,1,1,1,5.76
602,A,Desktop,Local,1,1,1,6.54
603,B,Mobile,Other,1,0,0,
604,B,Mobile,Other,1,1,1,1.41
605,B,Mobile,Local,1,0,0,
606,A,Mobile,Local,1,1,1,5.91
607,A,Mobile,Other,1,0,0,
608,B,Desktop,Local,1,1,1,6.01
609,A,Mobile,Other,1,1,0,
610,B,Mobile,Local,1,1,1,5.32
611,A,Desktop,Local,1,0,0,
612,B,Mobile,Other,1,1,1,1.65
613,B,Mobile,Other,1,0,0,
614,B,Mobile,Other,1,1,1,1.59
615,A,Mobile,Other,1,1,1,1.08
616,A,Mobile,Other,1,1,1,1.76
617,A,Mobile,Other,1,1,1,1.24
618,B,Desktop,Local,1,1,1,5.5
619,A,Mobile,Local,1,1,0,
620,B,Mobile,Local,0,0,0,
621,A,Mobile,Other,1,0,0,
622,B,Desktop,Other,1,1,1,1.21
623,A,Mobile,Local,1,1,1,5.73
624,A,Mobile,Other,1,1,1,1.61
625,B,Mobile,Other,0,0,0,
626,A,Mobile,Other,0,0,0,
627,B,Mobile,Other,1,1,1,0.84
628,A,Mobile,Local,1,1,0,
629,B,Mobile,Local,0,0,0,
630,B,Mobile,Other,1,0,0,
631,A,Desktop,Local,1,1,1,6.05
632,A,Mobile,Other,1,1,1,1.17
633,B,Mobile,Local,1,0,0,
634,A,Desktop,Local,1,1,1,5.06
635,A,Mobile,Other,1,1,1,1.65
636,A,Mobile,Local,1,1,1,6.01
637,A,Mobile,Local,1,1,1,6.16
638,B,Desktop,Local,1,1,1,5.84
639,B,Desktop,Other,1,1,0,
640,B,Mobile,Local,1,1,1,6.27
641,A,Mobile,Local,1,1,1,5.95
642,B,Desktop,Other,1,0,0,
643,A,Mobile,Local,1,1,1,5.73
644,B,Mobile,Local,1,1,1,6.47
645,A,Desktop,Local,1,1,1,5.86
646,A,Mobile,Local,1,1,1,6.03
647,B,Mobile,Local,1,1,1,5.81
648,B,Mobile,Local,1,0,0,
649,B,Mobile,Local,1,1,1,5.91
650,B,Mobile,Other,1,1,1,1.55
651,B,Mobile,Other,1,1,1,1.54
652,A,Desktop,Other,1,1,0,
653,A,Mobile,Other,0,0,0,
654,B,Mobile,Other,1,1,1,1.38
655,A,Mobile,Local,1,1,0,
656,A,Mobile,Local,1,1,0,
657,B,Mobile,Local,1,1,1,6.22
658,B,Mobile,Local,1,0,0,
659,B,Mobile,Other,1,1,1,1.61
660,A,Mobile,Other,1,1,0,
661,B,Mobile,Local,1,0,0,
662,A,Mobile,Other,1,1,1,1.61
663,B,Mobile,Local,1,1,1,6.11
664,A,Mobile,Other,1,1,0,
665,B,Desktop,Local,1,1,1,6.12
666,B,Mobile,Local,1,1,1,6.32
667,A,Desktop,Other,1,1,1,1.55
668,A,Mobile,Local,1,1,1,5.76
669,B,Desktop,Local,1,1,1,6.18
670,B,Mobile,Other,1,1,1,1.57
671,B,Desktop,Other,1,1,1,0.96
672,B,Mobile,Local,1,1,1,5.68
673,B,Mobile,Other,0,0,0,
674,B,Desktop,Local,1,1,1,6.31
675,A,Mobile,Local,1,1,0,
676,A,Mobile,Local,1,1,1,6.05
677,A,Mobile,Other,1,1,0,
678,A,Mobile,Local,1,1,1,5.69
679,A,Mobile,Local,1,1,1,6.34
680,B,Mobile,Other,1,1,0,
681,B,Mobile,Local,1,1,1,6.01
682,A,Mobile,Local,1,1,0,
683,B,Mobile,Other,1,0,0,
684,B,Mobile,Other,1,1,0,
685,B,Desktop,Local,1,0,0,
686,A,Desktop,Local,1,1,1,6.18
687,A,Mobile,Other,1,1,0,
688,A,Desktop,Other,0,0,0,
689,B,Mobile,Other,1,0,0,
690,A,Desktop,Other,1,1,1,1.62
691,B,Mobile,Local,1,1,1,5.6
692,B,Mobile,Local,1,1,1,6.18
693,B,Mobile,Local,1,1,1,6.23
694,A,Mobile,Local,1,1,1,6.08
695,B,Desktop,Local,1,1,1,5.72
696,B,Mobile,Local,1,1,0,
697,A,Mobile,Other,1,1,1,1.61
698,B,Mobile,Other,1,1,1,1.47
699,A,Desktop,Other,1,1,1,1.69
700,B,Mobile,Other,1,0,0,
701,B,Mobile,Local,1,1,0,
702,B,Desktop,Local,1,0,0,
703,B,Mobile,Local,1,1,1,6.29
704,B,Mobile,Local,1,1,1,5.35
705,A,Mobile,Local,1,1,1,6.21
706,A,Desktop,Local,1,0,0,
707,B,Desktop,Other,1,1,1,1.38
708,B,Mobile,Other,1,1,1,1.54
709,B,Mobile,Local,1,0,0,
710,B,Mobile,Local,1,1,1,6.26
711,A,Mobile,Local,1,1,1,6.48
712,A,Mobile,Local,1,1,1,6.27
713,B,Mobile,Other,0,0,0,
714,A,Mobile,Other,1,1,1,1.46
715,A,Mobile,Local,1,1,0,
716,A,Mobile,Other,1,1,0,
717,A,Desktop,Local,1,1,1,5.29
718,A,Mobile,Local,1,1,1,5.9
719,B,Mobile,Local,1,1,1,5.36
720,A,Mobile,Local,1,1,0,
721,B,Desktop,Local,1,1,1,6.35
722,B,Mobile,Other,1,0,0,
723,B,Mobile,Local,1,1,1,6.16
724,A,Mobile,Other,1,1,1,1.7
725,B,Desktop,Local,1,1,1,6.01
726,A,Mobile,Other,1,1,1,1.66
727,B,Desktop,Other,1,0,0,
728,A,Desktop,Local,1,1,1,5.62
729,A,Desktop,Other,1,1,1,1.84
730,B,Mobile,Local,1,1,1,5.87
731,B,Mobile,Local,0,0,0,
732,B,Mobile,Local,1,1,1,5.91
733,A,Mobile,Other,1,1,1,1.57
734,B,Mobile,Other,1,1,0,
735,A,Mobile,Local,1,1,1,6.34
736,A,Mobile,Other,1,1,1,1.25
737,B,Desktop,Other,1,1,1,1.33
738,A,Mobile,Other,1,1,0,
739,A,Mobile,Local,1,1,1,6.25
740,A,Mobile,Other,1,1,1,0.86
741,B,Desktop,Other,1,1,1,1.15
742,B,Mobile,Other,1,1,1,1.9
743,A,Mobile,Local,1,1,0,
744,A,Desktop,Local,1,1,1,5.68
745,A,Mobile,Local,1,1,0,
746,A,Desktop,Local,1,1,0,
747,B,Mobile,Local,1,1,1,6.06
748,A,Desktop,Other,1,1,1,1.64
749,B,Mobile,Local,0,0,0,
750,A,Mobile,Local,1,1,1,5.86
751,B,Desktop,Local,1,1,1,6.31
752,B,Desktop,Other,1,1,0,
753,A,Mobile,Local,1,1,1,5.92
754,A,Mobile,Local,1,1,1,6.07
755,A,Mobile,Local,1,1,1,5.99
756,A,Desktop,Local,1,1,1,5.35
757,A,Mobile,Other,1,0,0,
758,B,Mobile,Local,1,1,1,6.24
759,A,Mobile,Local,1,1,1,5.95
760,B,Mobile,Other,1,1,1,1.15
761,A,Mobile,Local,1,1,1,5.98
762,B,Mobile,Other,1,1,0,
763,A,Mobile,Local,1,1,1,6.32
764,A,Mobile,Other,1,1,1,1.52
765,A,Desktop,Other,1,1,0,
766,B,Mobile,Other,1,1,1,1.51
767,B,Desktop,Local,1,1,1,6.26
768,B,Desktop,Other,1,1,0,
769,B,Mobile,Local,1,1,1,5.9
770,A,Mobile,Other,1,1,1,1.33
771,B,Mobile,Local,1,1,0,
772,A,Mobile,Local,1,1,1,6.58
773,B,Mobile,Local,1,1,0,
774,B,Mobile,Other,1,1,1,1.63
775,A,Mobile,Other,1,0,0,
776,A,Desktop,Other,1,1,1,1.28
777,B,Mobile,Other,1,1,0,
778,A,Mobile,Local,1,1,0,
779,B,Desktop,Local,1,1,1,5.93
780,B,Mobile,Local,1,1,1,6.06
781,B,Mobile,Local,1,1,1,6.42
782,B,Mobile,Local,1,1,1,5.76
783,A,Desktop,Local,1,0,0,
784,B,Mobile,Other,1,1,0,
785,A,Desktop,Local,1,1,1,6.06
786,B,Desktop,Local,1,1,0,
787,A,Mobile,Local,1,1,1,5.61
788,A,Mobile,Other,1,1,1,2.02
789,A,Mobile,Other,1,1,1,1.43
790,A,Mobile,Other,1,1,0,
791,A,Desktop,Other,1,1,0,
792,B,Mobile,Local,1,0,0,
793,A,Mobile,Local,1,1,1,6.11
794,B,Desktop,Local,1,1,1,6.19
795,B,Mobile,Other,1,1,0,
796,A,Mobile,Local,1,1,1,6.47
797,B,Desktop,Local,1,1,1,5.78
798,B,Desktop,Other,1,0,0,
799,A,Mobile,Local,1,1,1,5.7
800,B,Desktop,Local,1,1,1,6.27
801,A,Mobile,Local,1,1,1,6.06
802,B,Mobile,Local,1,1,1,5.64
803,B,Mobile,Other,1,1,1,1.52
804,A,Mobile,Local,1,1,1,5.6
805,B,Desktop,Local,1,0,0,
806,A,Mobile,Other,1,1,0,
807,B,Mobile,Local,1,1,1,6.33
808,A,Mobile,Other,1,1,1,1.55
809,A,Mobile,Other,1,1,1,1.29
810,A,Mobile,Local,1,1,1,5.88
811,A,Mobile,Local,1,1,1,5.64
812,A,Mobile,Local,1,1,0,
813,B,Desktop,Other,1,1,1,1.15
814,A,Mobile,Other,1,1,1,1.18
815,B,Mobile,Other,1,0,0,
816,B,Mobile,Local,1,1,1,6.51
817,B,Mobile,Other,1,1,0,
818,A,Mobile,Local,1,1,1,6.15
819,B,Mobile,Local,1,1,1,6.47
820,A,Desktop,Other,1,1,1,1.61
821,B,Mobile,Other,1,1,1,1.5
822,B,Mobile,Other,1,0,0,
823,B,Mobile,Other,1,0,0,
824,B,Mobile,Local,1,0,0,
825,A,Mobile,Local,1,1,1,5.59
826,A,Desktop,Local,1,1,1,6.38
827,A,Desktop,Local,1,1,1,6.19
828,A,Mobile,Local,1,0,0,
829,B,Mobile,Other,1,1,0,
830,B,Mobile,Other,1,1,1,1.32
831,B,Mobile,Other,1,1,0,
832,B,Mobile,Local,1,0,0,
833,B,Mobile,Local,1,1,1,6.04
834,A,Desktop,Other,1,1,1,1.57
835,B,Mobile,Other,1,1,1,1.23
836,A,Desktop,Other,1,1,1,1.22
837,B,Desktop,Other,1,1,1,1.24
838,B,Desktop,Local,1,1,1,5.88
839,B,Mobile,Other,1,1,1,1.34
840,B,Desktop,Local,1,0,0,
841,A,Mobile,Local,1,0,0,
842,A,Mobile,Other,1,1,0,
843,A,Mobile,Local,1,1,1,6.59
844,A,Desktop,Local,1,1,1,6.05
845,A,Mobile,Other,1,1,0,
846,A,Desktop,Other,1,1,1,1.5
847,B,Mobile,Other,1,1,0,
848,B,Desktop,Local,1,1,1,6.05
849,A,Mobile,Local,1,1,0,
850,B,Mobile,Other,1,1,1,1.34
851,B,Desktop,Local,1,0,0,
852,A,Mobile,Local,1,1,1,6.17
853,B,Mobile,Other,1,1,1,1.41
854,A,Mobile,Local,1,1,1,5.57
855,A,Mobile,Local,1,1,1,5.7
856,A,Mobile,Other,1,1,1,1.87
857,B,Mobile,Local,1,0,0,
858,A,Mobile,Other,1,1,0,
859,A,Mobile,Local,1,1,1,5.54
860,A,Mobile,Local,1,1,0,
861,A,Mobile,Local,1,1,0,
862,B,Desktop,Local,1,0,0,
863,A,Mobile,Other,1,1,1,1.63
864,A,Desktop,Local,0,0,0,
865,A,Mobile,Local,1,1,1,6.01
866,A,Desktop,Other,1,1,1,1.07
867,B,Mobile,Other,1,0,0,
868,B,Desktop,Other,1,1,1,1.33
869,A,Mobile,Other,1,1,0,
870,A,Mobile,Local,1,1,1,6.26
871,B,Desktop,Other,1,1,1,1.85
872,B,Desktop,Other,1,1,1,1.26
873,A,Mobile,Other,1,1,0,
874,A,Mobile,Local,1,1,0,
875,A,Mobile,Local,1,1,1,5.77
876,A,Desktop,Local,1,1,1,5.77
877,A,Mobile,Other,1,1,0,
878,B,Desktop,Local,1,1,1,6.14
879,B,Mobile,Other,1,1,1,1.34
880,A,Mobile,Local,1,1,1,5.7
881,B,Desktop,Local,1,1,1,6.09
882,B,Mobile,Other,1,1,1,1.84
883,B,Mobile,Local,1,1,1,6.14
884,A,Mobile,Other,1,1,1,1.11
885,B,Mobile,Other,0,0,0,
886,B,Mobile,Other,1,1,1,1.48
887,B,Mobile,Other,1,1,1,1.45
888,B,Mobile,Local,1,0,0,
889,A,Mobile,Other,1,1,1,1.12
890,A,Mobile,Local,1,1,1,5.96
891,A,Desktop,Other,1,1,0,
892,A,Desktop,Other,1,1,0,
893,A,Mobile,Local,1,1,1,5.83
894,A,Mobile,Other,1,1,0,
895,A,Mobile,Other,1,1,1,1.4
896,B,Mobile,Local,1,1,1,6.66
897,A,Desktop,Local,1,1,1,6.09
898,A,Mobile,Other,1,1,1,1.55
899,A,Desktop,Other,1,1,0,
900,B,Mobile,Local,1,1,1,5.82
901,B,Mobile,Other,1,1,1,1.64
902,A,Mobile,Local,1,1,1,6.0
903,A,Mobile,Other,1,1,0,
904,A,Mobile,Local,1,1,1,5.91
905,A,Mobile,Other,1,1,1,1.36
906,A,Mobile,Local,1,1,0,
907,A,Mobile,Local,1,1,0,
908,A,Mobile,Other,1,1,1,1.73
909,A,Mobile,Other,1,1,1,1.53
910,B,Mobile,Other,1,1,1,1.67
911,B,Mobile,Local,1,1,1,6.02
912,B,Mobile,Local,1,1,1,5.82
913,A,Mobile,Local,1,1,0,
914,A,Desktop,Local,1,1,0,
915,A,Desktop,Local,1,1,1,5.56
916,A,Desktop,Local,1,1,0,
917,B,Mobile,Local,1,1,1,6.11
918,B,Desktop,Local,1,0,0,
919,B,Mobile,Local,1,1,1,6.46
920,A,Mobile,Other,1,1,0,
921,B,Mobile,Other,1,1,1,1.49
922,B,Desktop,Local,1,0,0,
923,A,Desktop,Local,1,1,1,6.76
924,B,Mobile,Local,1,1,0,
925,B,Desktop,Local,1,0,0,
926,B,Mobile,Local,1,0,0,
927,A,Mobile,Other,1,1,1,1.65
928,B,Mobile,Local,1,1,1,6.36
929,A,Mobile,Other,1,0,0,
930,B,Desktop,Local,1,1,1,5.99
931,B,Desktop,Other,1,1,0,
932,A,Mobile,Local,0,0,0,
933,A,Mobile,Local,1,1,0,
934,B,Desktop,Local,1,0,0,
935,B,Mobile,Other,1,1,1,1.2
936,B,Mobile,Local,1,1,1,6.24
937,A,Mobile,Local,1,1,1,5.74
938,B,Mobile,Local,1,1,1,6.0
939,A,Mobile,Local,1,1,0,
940,A,Mobile,Local,1,1,1,6.1
941,B,Desktop,Other,1,1,1,1.17
942,A,Mobile,Local,1,1,1,5.7
943,A,Mobile,Local,1,1,1,5.88
944,A,Mobile,Other,1,1,0,
945,A,Mobile,Other,1,0,0,
946,B,Mobile,Local,0,0,0,
947,B,Desktop,Local,1,1,1,6.11
948,B,Desktop,Local,1,1,1,5.83
949,B,Desktop,Local,1,1,0,
950,A,Mobile,Local,1,1,1,6.22
951,A,Mobile,Local,1,1,1,6.37
952,B,Desktop,Local,1,1,1,6.06
953,B,Mobile,Other,1,1,1,1.74
954,B,Mobile,Local,1,0,0,
955,A,Desktop,Local,0,0,0,
956,B,Mobile,Local,1,0,0,
957,A,Mobile,Other,1,1,1,1.72
958,A,Mobile,Other,1,1,0,
959,A,Mobile,Local,1,1,1,5.93
960,A,Mobile,Other,1,1,1,1.77
961,A,Desktop,Local,1,1,1,5.57
962,A,Mobile,Other,1,0,0,
963,B,Mobile,Other,1,0,0,
964,A,Mobile,Other,1,1,1,1.41
965,A,Desktop,Other,1,1,0,
966,A,Mobile,Other,1,1,1,1.47
967,B,Mobile,Local,1,1,1,6.01
968,B,Desktop,Local,1,0,0,
969,B,Mobile,Other,1,0,0,
970,B,Desktop,Local,1,1,1,5.49
971,B,Mobile,Local,1,1,1,5.68
972,A,Desktop,Local,1,1,1,6.0
973,B,Desktop,Local,1,0,0,
974,A,Mobile,Local,1,1,1,5.82
975,A,Desktop,Local,1,1,0,
976,A,Mobile,Other,1,1,1,1.69
977,B,Mobile,Other,1,0,0,
978,B,Mobile,Local,1,1,1,5.8
979,B,Mobile,Other,1,0,0,
980,A,Mobile,Other,1,1,1,1.38
981,A,Mobile,Other,1,1,1,1.78
982,B,Mobile,Other,0,0,0,
983,A,Desktop,Other,1,1,1,1.86
984,A,Mobile,Local,1,1,1,5.82
985,A,Mobile,Local,1,1,1,6.07
986,B,Desktop,Local,1,1,1,5.78
987,A,Mobile,Local,1,1,1,6.19
988,B,Desktop,Other,1,0,0,
989,B,Desktop,Local,1,0,0,
990,A,Mobile,Other,1,1,0,
991,A,Mobile,Other,1,1,1,1.66
992,B,Mobile,Other,1,0,0,
993,A,Mobile,Local,1,1,1,5.59
994,A,Desktop,Local,1,1,1,6.2
995,B,Mobile,Other,1,0,0,
996,B,Mobile,Local,1,1,1,5.97
997,A,Mobile,Local,1,1,0,
998,A,Mobile,Other,1,1,1,1.95
999,A,Mobile,Local,1,1,0,
1000,B,Desktop,Other,1,1,1,1.42
1001,B,Mobile,Local,0,0,0,
1002,A,Mobile,Other,1,1,0,
1003,B,Mobile,Other,1,0,0,
1004,A,Desktop,Local,1,1,1,5.62
1005,A,Desktop,Other,1,1,1,1.86
1006,B,Mobile,Local,1,1,1,5.69
1007,B,Mobile,Other,1,1,1,1.02
1008,B,Desktop,Other,1,1,1,1.56
1009,B,Desktop,Other,1,1,1,1.49
1010,B,Mobile,Local,1,1,1,6.4
1011,B,Mobile,Other,1,1,1,1.11
1012,A,Desktop,Other,1,1,1,1.52
1013,B,Desktop,Other,1,0,0,
1014,A,Desktop,Other,1,1,1,1.67
1015,B,Desktop,Local,1,1,1,5.78
1016,B,Mobile,Local,0,0,0,
1017,A,Mobile,Other,1,0,0,
1018,A,Desktop,Local,1,1,1,5.4
1019,A,Desktop,Other,1,1,0,
1020,A,Mobile,Local,1,1,1,5.65
1021,B,Mobile,Other,1,0,0,
1022,A,Mobile,Other,1,1,1,1.55
1023,B,Mobile,Local,1,1,1,6.43
1024,A,Mobile,Local,1,1,1,5.92
1025,B,Mobile,Other,1,0,0,
1026,B,Mobile,Local,1,1,1,5.99
1027,A,Mobile,Local,1,1,1,5.96
1028,A,Mobile,Other,1,1,1,1.56
1029,B,Mobile,Other,1,1,1,1.15
1030,B,Mobile,Local,1,1,1,5.93
1031,A,Mobile,Local,1,1,1,5.94
1032,A,Mobile,Other,1,1,0,
1033,B,Mobile,Local,1,0,0,
1034,B,Desktop,Local,1,1,1,6.11
1035,A,Mobile,Other,1,1,0,
1036,A,Mobile,Other,1,1,1,1.58
1037,B,Mobile,Local,0,0,0,
1038,B,Desktop,Local,1,1,1,5.91
1039,A,Mobile,Local,1,1,1,5.93
1040,A,Mobile,Local,1,1,1,5.95
1041,A,Mobile,Local,1,1,1,5.68
1042,B,Mobile,Local,1,1,0,
1043,B,Mobile,Other,1,0,0,
1044,A,Desktop,Other,1,1,0,
1045,A,Mobile,Other,1,1,1,1.71
1046,B,Mobile,Local,1,1,0,
1047,A,Mobile,Local,1,1,0,
1048,A,Mobile,Local,1,1,1,6.06
1049,B,Desktop,Local,1,1,1,6.31
1050,A,Mobile,Local,1,1,1,5.58
1051,B,Mobile,Other,1,1,1,1.42
1052,A,Mobile,Other,0,0,0,
1053,B,Mobile,Local,1,1,1,5.81
1054,B,Mobile,Other,1,1,1,0.75
1055,A,Mobile,Local,1,1,1,6.04
1056,B,Mobile,Local,1,1,1,6.27
1057,A,Mobile,Local,1,1,1,5.74
1058,B,Desktop,Local,1,0,0,
1059,A,Mobile,Local,1,1,1,5.54
1060,A,Mobile,Local,1,1,1,6.01
1061,B,Desktop,Local,1,0,0,
1062,B,Desktop,Other,1,1,1,1.53
1063,A,Mobile,Other,0,0,0,
1064,B,Mobile,Other,1,1,1,0.91
1065,B,Mobile,Local,1,1,1,5.87
1066,A,Desktop,Other,1,1,1,1.3
1067,A,Mobile,Local,1,1,1,5.73
1068,B,Desktop,Local,1,1,1,6.62
1069,A,Desktop,Local,1,1,1,6.01
1070,A,Mobile,Other,1,1,0,
1071,A,Mobile,Other,1,0,0,
1072,B,Mobile,Other,1,1,1,1.29
1073,A,Desktop,Local,1,1,0,
1074,B,Desktop,Other,1,1,1,1.78
1075,B,Desktop,Local,1,1,1,6.47
1076,B,Mobile,Local,1,1,1,6.28
1077,A,Desktop,Local,1,1,0,
1078,A,Desktop,Other,1,1,1,1.68
1079,A,Desktop,Local,1,1,0,
1080,A,Desktop,Other,1,1,0,
1081,A,Mobile,Local,1,1,0,
1082,B,Mobile,Other,1,1,1,1.71
1083,A,Desktop,Other,1,1,1,1.41
1084,B,Mobile,Local,1,1,1,5.97
1085,B,Mobile,Local,1,1,1,5.8
1086,B,Mobile,Local,1,1,1,5.59
1087,A,Desktop,Local,1,1,1,6.09
1088,B,Mobile,Local,1,1,0,
1089,A,Mobile,Other,1,1,1,1.55
1090,A,Mobile,Local,1,1,1,6.26
1091,B,Mobile,Other,1,1,1,1.59
1092,A,Mobile,Local,1,1,1,6.62
1093,A,Desktop,Local,1,1,1,6.73
1094,B,Mobile,Local,1,1,1,6.48
1095,B,Mobile,Local,1,1,1,5.57
1096,A,Desktop,Local,1,1,0,
1097,B,Mobile,Local,1,0,0,
1098,B,Mobile,Other,1,1,1,1.22
1099,B,Desktop,Other,1,1,1,1.73
1100,B,Mobile,Local,1,1,1,5.88
1101,A,Mobile,Local,1,1,1,5.92
1102,A,Mobile,Local,1,1,1,6.89
1103,A,Mobile,Local,1,1,0,
1104,A,Desktop,Other,1,1,1,1.44
1105,B,Mobile,Local,1,1,1,5.8
1106,A,Mobile,Other,1,1,1,1.64
1107,A,Mobile,Other,1,1,1,1.63
1108,B,Desktop,Other,1,1,1,1.33
1109,A,Desktop,Local,1,1,1,5.97
1110,A,Mobile,Other,1,1,1,1.4
1111,B,Mobile,Local,1,1,1,5.59
1112,A,Desktop,Local,1,1,1,6.04
1113,B,Mobile,Local,1,1,1,6.42
1114,B,Mobile,Other,1,0,0,
1115,B,Mobile,Local,1,1,1,5.76
1116,A,Mobile,Other,1,1,0,
1117,B,Desktop,Other,1,1,0,
1118,A,Mobile,Other,1,1,1,1.3
1119,B,Mobile,Local,1,1,1,5.89
1120,A,Mobile,Local,1,1,1,5.78
1121,B,Mobile,Other,1,0,0,
1122,A,Mobile,Other,1,1,1,1.35
1123,B,Mobile,Local,1,1,1,6.24
1124,B,Mobile,Local,1,0,0,
1125,B,Mobile,Other,1,1,1,1.08
1126,A,Desktop,Local,1,1,0,
1127,A,Desktop,Local,0,0,0,
1128,A,Mobile,Local,1,1,1,6.02
1129,A,Desktop,Local,1,1,0,
1130,B,Mobile,Local,1,0,0,
1131,A,Desktop,Other,1,1,0,
1132,A,Desktop,Other,1,1,0,
1133,A,Desktop,Local,1,1,1,6.13
1134,A,Mobile,Local,1,1,1,6.58
1135,A,Mobile,Other,1,1,1,1.7
1136,A,Desktop,Local,1,0,0,
1137,B,Desktop,Other,1,1,1,1.45
1138,B,Mobile,Local,1,1,1,6.08
1139,A,Desktop,Local,1,1,0,
1140,A,Mobile,Local,1,0,0,
1141,A,Mobile,Other,1,1,0,
1142,B,Mobile,Local,1,0,0,
1143,A,Desktop,Other,1,1,0,
1144,B,Mobile,Other,1,1,0,
1145,B,Mobile,Other,1,1,0,
1146,A,Mobile,Local,1,1,1,6.08
1147,A,Desktop,Other,1,1,1,1.1
1148,B,Mobile,Local,1,1,1,6.63
1149,A,Mobile,Local,1,1,1,5.87
1150,B,Mobile,Other,1,1,1,1.9
1151,A,Mobile,Other,1,1,1,1.3
1152,B,Desktop,Local,1,0,0,
1153,B,Desktop,Local,1,1,1,5.97
1154,B,Mobile,Other,1,1,1,1.83
1155,A,Mobile,Local,1,1,1,5.87
1156,A,Mobile,Local,1,1,1,6.13
1157,A,Mobile,Local,1,1,1,5.85
1158,A,Mobile,Local,1,1,1,6.22
1159,A,Mobile,Local,1,1,0,
1160,A,Mobile,Other,1,1,0,
1161,A,Mobile,Local,1,1,0,
1162,B,Desktop,Local,1,1,1,6.13
1163,A,Mobile,Other,1,1,1,1.82
1164,B,Mobile,Local,1,1,1,5.6
1165,A,Mobile,Other,1,1,1,1.43
1166,B,Mobile,Other,1,1,1,1.6
1167,A,Mobile,Local,1,1,1,5.72
1168,B,Desktop,Local,1,1,0,
1169,A,Desktop,Other,1,1,0,
1170,B,Desktop,Other,1,1,1,1.2
1171,B,Mobile,Other,1,1,1,1.63
1172,A,Mobile,Local,1,1,1,5.78
1173,A,Mobile,Local,1,1,0,
1174,B,Desktop,Local,1,1,1,5.74
1175,A,Desktop,Local,1,1,1,5.97
1176,B,Mobile,Local,0,0,0,
1177,B,Mobile,Local,1,1,1,6.5
1178,A,Mobile,Local,1,1,0,
1179,A,Desktop,Other,1,1,1,1.88
1180,A,Mobile,Other,1,1,0,
1181,A,Desktop,Other,1,1,1,1.72
1182,A,Mobile,Local,1,1,0,
1183,A,Mobile,Local,1,1,1,5.73
1184,B,Mobile,Other,1,0,0,
1185,A,Mobile,Other,1,1,1,1.36
1186,A,Desktop,Local,1,1,1,5.74
1187,B,Mobile,Other,0,0,0,
1188,A,Mobile,Local,1,1,0,
1189,A,Mobile,Local,1,1,1,6.46
1190,B,Mobile,Local,1,1,1,5.9
1191,B,Desktop,Local,1,1,1,5.8
1192,A,Desktop,Other,1,1,1,1.22
1193,B,Desktop,Local,1,1,1,5.64
1194,A,Mobile,Local,1,1,1,5.87
1195,B,Desktop,Local,1,1,0,
1196,B,Mobile,Other,1,1,1,1.56
1197,B,Mobile,Local,1,1,1,5.93
1198,A,Mobile,Local,1,1,1,6.24
1199,A,Mobile,Local,1,1,0,
1200,A,Mobile,Other,1,1,0,
1201,B,Desktop,Local,1,0,0,
1202,B,Mobile,Local,1,1,1,6.04
1203,B,Desktop,Other,1,1,1,1.28
1204,B,Mobile,Local,1,1,1,5.64
1205,B,Mobile,Other,0,0,0,
1206,B,Mobile,Other,1,1,1,1.18
1207,B,Mobile,Other,1,1,1,1.35
1208,A,Mobile,Other,1,1,1,0.87
1209,B,Mobile,Other,1,1,0,
1210,A,Desktop,Local,1,1,1,6.45
1211,B,Mobile,Local,1,1,1,5.67
1212,A,Mobile,Local,1,1,1,6.52
1213,A,Mobile,Local,1,1,1,5.53
1214,A,Desktop,Local,1,1,1,6.28
1215,B,Mobile,Local,1,1,1,6.06
1216,B,Mobile,Other,1,1,1,1.7
1217,A,Mobile,Local,1,1,1,6.33
1218,B,Mobile,Local,1,1,1,6.03
1219,A,Mobile,Local,1,1,0,
1220,B,Desktop,Local,1,1,1,6.18
1221,A,Desktop,Other,1,1,1,1.6
1222,B,Mobile,Local,1,0,0,
1223,B,Mobile,Local,1,1,1,5.78
1224,A,Mobile,Other,1,1,1,1.8
1225,A,Desktop,Other,1,1,1,1.03
1226,A,Mobile,Local,1,1,0,
1227,A,Mobile,Local,1,1,1,6.21
1228,B,Mobile,Other,1,1,1,1.5
1229,B,Desktop,Local,1,0,0,
1230,A,Desktop,Local,1,1,0,
1231,A,Mobile,Local,1,1,1,6.41
1232,A,Mobile,Local,1,1,1,6.08
1233,A,Desktop,Local,1,1,1,6.08
1234,A,Mobile,Local,1,1,1,5.97
1235,B,Mobile,Local,1,0,0,
1236,A,Mobile,Local,1,1,1,5.91
1237,A,Mobile,Local,1,1,1,5.3
1238,A,Desktop,Local,1,1,1,6.02
1239,B,Mobile,Other,1,1,1,1.6
1240,A,Mobile,Local,1,1,0,
1241,B,Mobile,Other,1,1,1,1.49
1242,A,Mobile,Local,1,1,1,5.23
1243,A,Mobile,Local,1,1,1,5.43
1244,B,Mobile,Local,1,1,1,6.38
1245,B,Mobile,Local,1,0,0,
1246,B,Mobile,Other,1,1,1,1.37
1247,B,Mobile,Local,1,1,1,6.01
1248,B,Mobile,Local,1,1,1,6.59
1249,A,Desktop,Local,1,1,1,5.95
1250,A,Mobile,Local,1,1,1,6.1
1251,A,Mobile,Local,1,1,1,5.8
1252,B,Desktop,Local,1,1,0,
1253,B,Mobile,Local,1,0,0,
1254,A,Mobile,Local,1,1,1,6.23
1255,A,Mobile,Other,0,0,0,
1256,A,Mobile,Local,1,1,1,6.25
1257,B,Mobile,Local,1,1,1,6.39
1258,B,Mobile,Local,1,1,1,5.5
1259,A,Mobile,Other,1,1,1,1.87
1260,A,Mobile,Local,1,1,0,
1261,B,Mobile,Local,1,1,1,5.87
1262,A,Mobile,Local,1,1,1,5.61
1263,B,Mobile,Local,1,1,0,
1264,A,Desktop,Other,1,1,1,1.82
1265,A,Mobile,Local,1,1,1,5.71
1266,B,Mobile,Local,1,1,1,6.11
1267,B,Desktop,Other,1,1,1,1.76
1268,A,Mobile,Other,1,1,1,1.57
1269,A,Desktop,Local,1,1,0,
1270,A,Mobile,Local,0,0,0,
1271,A,Mobile,Other,1,1,1,1.24
1272,B,Desktop,Local,0,0,0,
1273,B,Mobile,Local,1,1,1,5.85
1274,B,Mobile,Local,1,0,0,
1275,B,Desktop,Local,0,0,0,
1276,A,Mobile,Local,1,1,1,5.93
1277,B,Mobile,Local,1,1,1,6.04
1278,B,Mobile,Local,1,1,1,6.43
1279,B,Mobile,Local,1,1,1,5.9
1280,A,Desktop,Local,1,1,1,5.74
1281,B,Mobile,Local,1,1,1,5.74
1282,A,Mobile,Other,1,1,1,1.46
1283,B,Mobile,Local,1,1,1,6.2
1284,B,Mobile,Other,1,1,1,1.55
1285,A,Mobile,Local,1,1,0,
1286,A,Desktop,Local,0,0,0,
1287,B,Mobile,Other,1,1,0,
1288,A,Desktop,Other,1,1,1,1.32
1289,A,Desktop,Local,1,1,1,6.16
1290,A,Mobile,Local,1,1,1,6.6
1291,B,Desktop,Other,1,1,1,1.15
1292,B,Mobile,Other,1,0,0,
1293,A,Mobile,Other,1,1,1,1.07
1294,A,Mobile,Other,1,1,1,1.67
1295,B,Desktop,Local,1,1,1,5.77
1296,A,Desktop,Local,1,1,1,5.88
1297,A,Desktop,Local,1,1,1,6.31
1298,A,Mobile,Local,1,1,0,
1299,A,Desktop,Other,1,1,0,
1300,B,Mobile,Other,1,1,1,1.53
1301,A,Mobile,Local,1,1,1,5.58
1302,A,Mobile,Local,1,1,1,5.85
1303,B,Mobile,Local,1,1,1,5.77
1304,B,Mobile,Local,1,1,1,6.16
1305,B,Desktop,Local,1,1,1,5.83
1306,A,Mobile,Other,0,0,0,
1307,B,Desktop,Other,1,1,1,1.41
1308,B,Mobile,Local,1,0,0,
1309,A,Desktop,Local,1,0,0,
1310,A,Desktop,Local,1,1,0,
1311,A,Desktop,Other,1,1,1,1.47
1312,B,Mobile,Other,1,1,0,
1313,B,Mobile,Other,1,1,0,
1314,B,Mobile,Other,1,1,1,1.72
1315,B,Desktop,Other,1,1,0,
1316,A,Mobile,Local,1,1,1,5.89
1317,A,Desktop,Local,1,1,0,
1318,B,Desktop,Other,1,1,1,1.58
1319,A,Desktop,Local,1,1,0,
1320,B,Mobile,Local,1,1,1,5.78
1321,A,Desktop,Other,1,1,1,1.31
1322,B,Mobile,Other,1,1,1,1.06
1323,A,Desktop,Local,1,1,1,5.98
1324,A,Mobile,Local,1,1,1,5.68
1325,B,Mobile,Local,1,1,1,6.41
1326,A,Mobile,Local,1,1,1,6.46
1327,A,Mobile,Local,1,1,0,
1328,A,Mobile,Local,1,1,0,
1329,B,Mobile,Local,1,1,1,5.89
1330,A,Mobile,Other,1,1,1,1.49
1331,B,Desktop,Local,1,1,1,6.5
1332,A,Mobile,Local,1,1,1,6.62
1333,A,Mobile,Other,1,1,1,1.76
1334,B,Mobile,Other,1,1,0,
1335,B,Mobile,Other,0,0,0,
1336,B,Desktop,Local,1,1,1,6.24
1337,B,Mobile,Other,1,0,0,
1338,B,Desktop,Local,1,1,1,5.75
1339,A,Mobile,Local,1,1,1,6.01
1340,A,Mobile,Local,1,0,0,
1341,A,Mobile,Local,1,1,1,6.42
1342,B,Desktop,Local,1,0,0,
1343,A,Mobile,Other,1,1,0,
1344,A,Mobile,Other,0,0,0,
1345,A,Mobile,Local,1,1,1,6.12
1346,A,Mobile,Other,0,0,0,
1347,A,Desktop,Local,1,1,1,5.94
1348,B,Mobile,Other,1,1,1,1.29
1349,B,Mobile,Other,1,1,1,1.79
1350,A,Mobile,Local,1,1,1,6.17
1351,A,Desktop,Other,1,0,0,
1352,A,Mobile,Other,1,1,0,
1353,A,Mobile,Local,1,1,1,6.18
1354,A,Desktop,Other,1,1,1,1.65
1355,B,Mobile,Local,1,0,0,
1356,B,Desktop,Other,1,1,0,
1357,A,Desktop,Local,1,1,1,5.5
1358,A,Desktop,Local,1,1,0,
1359,B,Mobile,Other,1,0,0,
1360,B,Mobile,Other,1,0,0,
1361,B,Desktop,Local,1,1,1,5.83
1362,A,Desktop,Local,1,1,1,6.56
1363,A,Desktop,Local,1,1,1,5.84
1364,B,Mobile,Local,1,1,0,
1365,A,Mobile,Other,1,1,1,1.71
1366,B,Desktop,Local,1,0,0,
1367,A,Mobile,Other,1,1,1,1.38
1368,A,Mobile,Local,1,1,1,5.84
1369,B,Mobile,Local,1,1,1,5.97
1370,A,Mobile,Local,1,1,1,6.04
1371,A,Mobile,Other,1,1,1,1.45
1372,A,Mobile,Local,1,1,0,
1373,A,Mobile,Other,1,1,1,1.0
1374,B,Mobile,Local,1,1,0,
1375,B,Mobile,Local,1,0,0,
1376,B,Desktop,Local,1,1,1,6.17
1377,B,Mobile,Local,1,1,1,5.46
1378,A,Mobile,Other,1,1,0,
1379,B,Mobile,Other,1,1,0,
1380,B,Mobile,Local,0,0,0,
1381,B,Mobile,Other,1,1,0,
1382,A,Mobile,Other,1,0,0,
1383,A,Mobile,Local,1,1,1,5.65
1384,A,Mobile,Local,1,1,1,6.03
1385,A,Desktop,Other,1,1,0,
1386,A,Desktop,Local,1,0,0,
1387,B,Mobile,Local,1,1,1,5.58
1388,B,Mobile,Local,1,1,1,6.1
1389,B,Mobile,Local,1,0,0,
1390,B,Mobile,Local,1,1,1,6.03
1391,A,Desktop,Other,0,0,0,
1392,A,Mobile,Other,1,1,1,1.24
1393,B,Mobile,Other,1,1,0,
1394,B,Mobile,Other,1,1,1,1.45
1395,A,Mobile,Other,1,1,1,1.55
1396,B,Desktop,Other,1,1,1,1.44
1397,B,Mobile,Other,1,1,0,
1398,A,Mobile,Local,1,1,1,5.9
1399,B,Desktop,Other,1,1,0,
1400,A,Desktop,Other,1,1,1,1.2
1401,B,Mobile,Other,0,0,0,
1402,B,Mobile,Local,1,1,1,6.03
1403,A,Mobile,Other,1,1,1,1.34
1404,A,Mobile,Local,1,1,1,5.82
1405,B,Desktop,Other,1,1,1,1.89
1406,A,Desktop,Local,1,1,1,5.91
1407,A,Mobile,Other,1,1,0,
1408,A,Mobile,Local,1,1,1,5.98
1409,A,Desktop,Other,1,0,0,
1410,A,Mobile,Local,1,1,1,5.74
1411,A,Mobile,Other,1,1,0,
1412,A,Mobile,Other,1,1,1,1.66
1413,B,Desktop,Local,1,0,0,
1414,A,Mobile,Other,1,1,0,
1415,B,Mobile,Local,1,1,1,6.17
1416,B,Mobile,Local,1,1,1,5.89
1417,A,Mobile,Other,0,0,0,
1418,B,Mobile,Local,1,1,1,5.78
1419,A,Mobile,Local,1,0,0,
1420,B,Desktop,Local,1,1,1,6.02
1421,B,Desktop,Local,1,0,0,
1422,B,Mobile,Local,1,1,1,5.81
1423,A,Mobile,Local,1,1,0,
1424,A,Desktop,Local,1,1,0,
1425,A,Desktop,Other,1,1,0,
1426,A,Desktop,Local,1,1,1,6.06
1427,B,Mobile,Local,1,1,1,6.51
1428,A,Mobile,Other,1,1,1,1.55
1429,B,Mobile,Other,1,0,0,
1430,A,Mobile,Other,1,1,1,1.75
1431,B,Desktop,Local,1,1,0,
1432,A,Mobile,Local,1,1,0,
1433,A,Mobile,Local,1,1,1,5.79
1434,B,Desktop,Other,1,0,0,
1435,A,Mobile,Other,0,0,0,
1436,B,Mobile,Local,1,1,1,5.86
1437,B,Mobile,Local,1,0,0,
1438,B,Mobile,Local,1,1,1,5.9
1439,A,Mobile,Other,1,1,1,1.72
1440,B,Mobile,Local,1,1,1,6.28
1441,A,Desktop,Local,1,1,1,6.64
1442,A,Desktop,Other,1,1,0,
1443,B,Mobile,Local,1,1,1,6.41
1444,B,Desktop,Other,1,1,1,1.57
1445,A,Mobile,Other,1,1,1,1.36
1446,A,Mobile,Local,1,1,1,6.17
1447,A,Desktop,Local,1,1,0,
1448,A,Mobile,Other,1,1,1,1.64
1449,B,Mobile,Local,1,1,1,5.79
1450,B,Mobile,Local,1,1,1,6.68
1451,A,Desktop,Local,1,1,1,5.69
1452,A,Desktop,Local,1,1,1,6.01
1453,B,Desktop,Local,1,1,1,5.55
1454,B,Desktop,Other,1,1,1,1.64
1455,A,Desktop,Other,1,1,1,1.27
1456,B,Mobile,Other,1,1,1,1.6
1457,A,Desktop,Local,1,1,0,
1458,A,Desktop,Other,1,1,1,1.03
1459,B,Mobile,Local,1,1,1,6.02
1460,A,Desktop,Local,1,1,1,6.34
1461,A,Mobile,Local,1,1,1,5.82
1462,B,Mobile,Local,1,0,0,
1463,A,Mobile,Other,1,1,0,
1464,A,Mobile,Local,1,1,1,6.28
1465,A,Mobile,Other,1,1,0,
1466,A,Desktop,Local,1,1,1,6.34
1467,B,Mobile,Other,1,0,0,
1468,B,Desktop,Local,1,1,1,5.33
1469,A,Desktop,Local,1,1,1,6.26
1470,A,Mobile,Local,0,0,0,
1471,B,Mobile,Other,1,1,1,1.11
1472,B,Desktop,Local,1,0,0,
1473,A,Mobile,Local,1,1,0,
1474,A,Mobile,Local,1,1,1,6.14
1475,A,Mobile,Other,1,1,0,
1476,B,Mobile,Other,1,1,1,1.49
1477,A,Mobile,Local,1,1,0,
1478,B,Desktop,Local,1,1,1,5.8
1479,B,Desktop,Local,1,0,0,
1480,A,Desktop,Local,1,1,0,
1481,A,Mobile,Other,0,0,0,
1482,A,Desktop,Local,1,1,1,6.09
1483,A,Desktop,Local,1,1,1,5.86
1484,B,Mobile,Other,1,1,1,1.34
1485,A,Desktop,Other,1,1,1,1.09
1486,B,Desktop,Local,1,1,1,6.08
1487,B,Desktop,Local,1,1,1,5.6
1488,A,Desktop,Other,1,1,1,1.4
1489,B,Mobile,Local,1,1,1,6.37
1490,A,Mobile,Local,1,1,1,6.01
1491,A,Mobile,Other,1,1,0,
1492,B,Mobile,Local,1,1,1,5.9
1493,B,Desktop,Other,1,1,1,1.5
1494,A,Desktop,Local,1,1,0,
1495,B,Mobile,Other,1,1,1,1.46
1496,B,Mobile,Local,1,1,1,5.72
1497,B,Mobile,Local,1,0,0,
1498,B,Mobile,Local,1,1,1,5.46
1499,A,Mobile,Local,1,1,0,
1500,A,Mobile,Local,0,0,0,
1501,B,Desktop,Other,0,0,0,
1502,A,Mobile,Local,1,1,0,
1503,B,Mobile,Local,1,1,1,6.76
1504,A,Mobile,Other,1,1,0,
1505,A,Desktop,Other,1,1,0,
1506,B,Mobile,Other,0,0,0,
1507,B,Mobile,Local,0,0,0,
1508,A,Desktop,Local,1,0,0,
1509,B,Desktop,Local,1,1,1,6.09
1510,A,Desktop,Local,1,1,1,6.15
1511,B,Mobile,Local,1,1,0,
1512,B,Mobile,Local,1,1,1,6.0
1513,B,Mobile,Local,1,1,1,6.05
1514,B,Mobile,Local,1,0,0,
1515,A,Mobile,Local,1,1,1,5.6
1516,B,Mobile,Other,1,1,1,1.96
1517,A,Desktop,Local,1,1,1,5.99
1518,A,Desktop,Local,1,1,1,6.26
1519,A,Mobile,Local,1,1,1,5.87
1520,A,Mobile,Other,1,1,0,
1521,B,Mobile,Local,1,1,1,5.96
1522,B,Desktop,Local,1,1,1,5.86
1523,B,Desktop,Local,1,1,1,6.72
1524,A,Mobile,Local,1,1,1,6.21
1525,B,Mobile,Other,1,1,1,1.67
1526,A,Mobile,Local,1,1,0,
1527,B,Desktop,Other,1,1,1,1.13
1528,B,Desktop,Local,1,1,1,6.03
1529,B,Desktop,Local,1,1,1,6.28
1530,B,Mobile,Local,1,1,1,6.03
1531,A,Desktop,Other,1,0,0,
1532,B,Desktop,Other,1,1,1,1.2
1533,A,Desktop,Other,1,1,1,1.38
1534,B,Desktop,Local,1,0,0,
1535,A,Mobile,Other,1,1,0,
1536,B,Mobile,Local,1,1,1,6.0
1537,B,Desktop,Other,1,1,1,1.38
1538,A,Mobile,Local,1,1,0,
1539,B,Desktop,Other,1,0,0,
1540,A,Mobile,Other,1,1,1,1.58
1541,A,Mobile,Local,1,1,1,5.61
1542,A,Mobile,Other,1,1,1,1.27
1543,B,Desktop,Local,1,0,0,
1544,B,Mobile,Other,1,1,0,
1545,A,Desktop,Other,1,1,0,
1546,B,Desktop,Other,1,1,1,1.53
1547,A,Mobile,Other,1,1,1,1.31
1548,A,Mobile,Local,1,1,1,5.47
1549,B,Mobile,Other,1,1,0,
1550,A,Mobile,Other,1,1,1,1.8
1551,A,Desktop,Other,1,1,1,1.5
1552,B,Mobile,Other,1,1,1,1.63
1553,A,Mobile,Local,1,1,1,5.87
1554,B,Mobile,Other,1,0,0,
1555,B,Desktop,Local,1,0,0,
1556,A,Mobile,Local,1,1,0,
1557,B,Desktop,Local,1,1,1,6.0
1558,B,Mobile,Other,1,1,1,1.52
1559,B,Desktop,Local,1,0,0,
1560,A,Mobile,Local,1,1,1,5.78
1561,B,Mobile,Local,1,1,0,
1562,B,Mobile,Local,1,0,0,
1563,A,Mobile,Local,1,1,0,
1564,A,Mobile,Other,1,1,0,
1565,B,Mobile,Other,1,1,1,1.31
1566,B,Mobile,Other,1,1,1,1.42
1567,B,Mobile,Other,1,0,0,
1568,B,Mobile,Other,1,0,0,
1569,A,Mobile,Local,1,1,0,
1570,A,Mobile,Other,1,1,1,1.74
1571,B,Mobile,Local,1,1,0,
1572,B,Mobile,Other,1,1,0,
1573,B,Mobile,Other,1,1,1,1.46
1574,A,Mobile,Local,1,1,1,5.99
1575,B,Mobile,Local,1,1,1,6.4
1576,B,Mobile,Local,1,1,1,6.37
1577,A,Mobile,Local,0,0,0,
1578,A,Mobile,Local,1,1,1,6.02
1579,B,Mobile,Other,1,1,1,1.57
1580,A,Mobile,Local,1,1,1,5.96
1581,B,Mobile,Other,1,1,0,
1582,B,Mobile,Local,1,1,1,6.3
1583,B,Mobile,Local,1,1,0,
1584,B,Mobile,Other,1,0,0,
1585,B,Mobile,Local,1,0,0,
1586,B,Desktop,Other,1,1,1,1.57
1587,A,Mobile,Local,1,1,0,
1588,A,Mobile,Local,1,1,1,5.98
1589,B,Desktop,Local,1,1,0,
1590,A,Desktop,Local,1,1,1,6.11
1591,B,Desktop,Local,1,1,1,5.89
1592,A,Mobile,Local,1,1,1,5.86
1593,A,Mobile,Local,0,0,0,
1594,A,Desktop,Local,1,1,0,
1595,A,Mobile,Other,1,1,0,
1596,A,Desktop,Local,1,1,1,6.47
1597,A,Mobile,Local,1,1,1,5.99
1598,B,Mobile,Local,1,1,1,6.31
1599,A,Mobile,Local,1,1,1,5.1
1600,A,Desktop,Local,1,1,1,5.73
1601,A,Mobile,Other,1,1,1,1.51
1602,A,Desktop,Local,1,0,0,
1603,B,Mobile,Local,0,0,0,
1604,B,Mobile,Local,1,1,1,5.97
1605,A,Desktop,Local,1,1,1,6.09
1606,A,Desktop,Local,1,1,1,5.66
1607,A,Mobile,Local,1,1,0,
1608,A,Mobile,Local,1,1,1,6.12
1609,A,Mobile,Local,1,1,1,6.01
1610,A,Desktop,Other,1,1,1,1.3
1611,B,Mobile,Other,1,1,1,1.38
1612,A,Mobile,Local,1,1,1,6.74
1613,B,Desktop,Local,1,0,0,
1614,B,Desktop,Local,1,1,1,5.73
1615,B,Mobile,Local,1,1,1,5.95
1616,B,Mobile,Local,1,1,1,5.92
1617,A,Mobile,Other,1,1,1,1.37
1618,A,Mobile,Local,1,1,1,6.0
1619,B,Mobile,Other,1,1,1,1.79
1620,B,Mobile,Local,1,1,1,5.65
1621,B,Desktop,Local,1,0,0,
1622,B,Mobile,Other,1,1,1,1.53
1623,A,Mobile,Other,1,1,0,
1624,B,Mobile,Local,1,1,1,5.91
1625,B,Desktop,Local,1,1,1,5.98
1626,A,Desktop,Local,1,1,1,5.66
1627,B,Desktop,Other,1,1,1,1.64
1628,A,Mobile,Other,1,1,1,1.56
1629,B,Mobile,Local,1,1,1,5.61
1630,B,Desktop,Other,1,1,1,1.35
1631,A,Desktop,Local,1,1,1,6.35
1632,B,Mobile,Other,1,0,0,
1633,A,Mobile,Other,1,1,0,
1634,A,Mobile,Local,1,1,1,6.28
1635,B,Desktop,Other,1,1,1,1.4
1636,A,Mobile,Other,1,1,1,1.31
1637,A,Mobile,Local,1,1,1,5.85
1638,B,Mobile,Local,1,1,1,6.12
1639,A,Mobile,Other,1,1,0,
1640,A,Mobile,Local,1,1,1,5.54
1641,B,Mobile,Local,1,1,1,6.07
1642,B,Desktop,Other,1,1,1,1.51
1643,A,Mobile,Local,1,1,1,6.08
1644,B,Desktop,Local,1,1,0,
1645,A,Desktop,Other,1,1,1,1.75
1646,B,Desktop,Other,1,1,1,1.42
1647,A,Mobile,Other,1,1,1,1.47
1648,B,Desktop,Other,1,1,0,
1649,B,Mobile,Other,1,1,1,1.38
1650,B,Mobile,Other,1,1,1,1.52
1651,A,Desktop,Local,0,0,0,
1652,A,Mobile,Other,1,1,0,
1653,A,Mobile,Other,1,1,0,
1654,B,Desktop,Local,1,1,1,5.89
1655,B,Mobile,Other,1,1,0,
1656,A,Mobile,Local,1,1,1,6.24
1657,B,Desktop,Other,1,1,1,1.23
1658,A,Mobile,Local,1,1,1,6.07
1659,A,Desktop,Local,1,1,1,6.51
1660,A,Mobile,Other,1,1,0,
1661,A,Mobile,Local,1,1,1,5.63
1662,B,Mobile,Local,1,1,1,6.11
1663,A,Mobile,Local,1,1,1,6.41
1664,B,Mobile,Other,1,1,0,
1665,B,Mobile,Local,1,0,0,
1666,A,Desktop,Local,1,1,0,
1667,B,Desktop,Local,1,1,1,6.47
1668,B,Mobile,Local,1,0,0,
1669,A,Mobile,Other,1,1,0,
1670,B,Desktop,Other,1,0,0,
1671,B,Desktop,Local,1,0,0,
1672,B,Desktop,Local,1,1,1,5.61
1673,A,Desktop,Local,1,1,1,5.84
1674,B,Mobile,Other,1,1,1,1.68
1675,B,Desktop,Other,1,1,1,1.49
1676,A,Mobile,Local,1,1,1,5.62
1677,B,Mobile,Local,1,0,0,
1678,A,Mobile,Local,1,1,1,5.76
1679,A,Mobile,Local,0,0,0,
1680,B,Desktop,Local,1,0,0,
1681,B,Desktop,Other,1,1,1,0.92
1682,A,Mobile,Other,1,1,1,1.36
1683,B,Desktop,Local,1,1,1,6.22
1684,B,Desktop,Other,1,0,0,
1685,B,Mobile,Local,1,1,0,
1686,A,Desktop,Local,1,1,1,5.95
1687,B,Desktop,Other,1,1,1,1.22
1688,A,Desktop,Local,1,1,0,
1689,B,Desktop,Local,1,1,1,5.7
1690,B,Desktop,Other,1,1,1,1.59
1691,B,Desktop,Other,1,1,1,1.88
1692,B,Desktop,Local,1,1,1,6.46
1693,A,Mobile,Other,1,1,1,1.49
1694,B,Desktop,Other,1,1,1,1.38
1695,A,Mobile,Other,1,1,0,
1696,A,Mobile,Local,0,0,0,
1697,B,Mobile,Local,1,0,0,
1698,B,Mobile,Other,1,1,1,1.88
1699,A,Desktop,Other,1,1,1,1.47
1700,B,Mobile,Other,1,1,0,
1701,B,Mobile,Local,1,1,1,6.34
1702,B,Desktop,Local,1,1,1,5.43
1703,A,Desktop,Local,0,0,0,
1704,A,Desktop,Other,1,1,0,
1705,A,Mobile,Local,1,1,1,5.85
1706,A,Desktop,Local,1,1,1,6.53
1707,B,Mobile,Other,1,1,0,
1708,A,Mobile,Other,1,1,1,1.8
1709,A,Desktop,Other,1,1,1,1.37
1710,A,Mobile,Local,1,1,1,5.66
1711,A,Mobile,Local,1,1,0,
1712,A,Mobile,Other,1,1,1,1.39
1713,A,Mobile,Local,1,1,1,6.36
1714,A,Mobile,Local,1,1,0,
1715,B,Mobile,Local,1,0,0,
1716,A,Mobile,Other,1,1,1,1.46
1717,A,Mobile,Other,1,1,1,1.86
1718,A,Desktop,Other,1,1,1,1.75
1719,B,Mobile,Other,1,1,1,1.57
1720,B,Mobile,Local,1,1,0,
1721,A,Desktop,Other,1,1,1,1.93
1722,B,Mobile,Local,1,1,0,
1723,B,Desktop,Local,1,0,0,
1724,A,Desktop,Local,1,1,0,
1725,A,Mobile,Other,1,1,1,1.26
1726,A,Mobile,Other,1,1,0,
1727,B,Desktop,Other,1,1,1,1.37
1728,B,Mobile,Other,1,1,0,
1729,B,Mobile,Other,1,1,1,1.63
1730,B,Desktop,Local,1,1,1,5.76
1731,A,Desktop,Local,1,1,1,5.97
1732,A,Desktop,Local,1,1,1,6.03
1733,B,Desktop,Local,1,1,0,
1734,A,Mobile,Other,1,1,1,1.48
1735,B,Desktop,Local,1,1,0,
1736,B,Mobile,Local,1,1,1,6.39
1737,B,Mobile,Other,1,1,1,1.56
1738,A,Mobile,Local,1,1,0,
1739,A,Mobile,Other,1,1,0,
1740,B,Mobile,Other,1,1,1,1.34
1741,B,Mobile,Local,1,1,1,5.7
1742,B,Mobile,Local,1,1,1,6.39
1743,A,Mobile,Local,1,1,0,
1744,A,Mobile,Local,1,0,0,
1745,A,Desktop,Local,1,1,1,6.16
1746,A,Mobile,Local,1,1,1,6.03
1747,B,Mobile,Local,1,1,1,5.98
1748,A,Mobile,Local,1,1,1,5.81
1749,A,Mobile,Local,1,1,1,6.01
1750,B,Mobile,Local,1,1,1,6.18
1751,B,Mobile,Local,1,1,1,5.74
1752,B,Mobile,Local,1,1,1,6.21
1753,A,Mobile,Local,1,0,0,
1754,B,Mobile,Local,1,0,0,
1755,A,Mobile,Local,1,1,1,5.71
1756,B,Mobile,Local,1,1,1,6.02
1757,A,Desktop,Other,1,1,1,1.44
1758,A,Desktop,Other,1,1,0,
1759,B,Mobile,Other,1,1,1,1.58
1760,A,Mobile,Other,1,1,1,2.0
1761,A,Desktop,Local,1,1,1,6.0
1762,B,Mobile,Local,1,1,1,6.26
1763,B,Desktop,Local,1,1,1,6.36
1764,A,Desktop,Local,1,1,0,
1765,B,Desktop,Local,1,1,1,6.03
1766,B,Mobile,Local,1,1,1,6.49
1767,B,Mobile,Local,1,1,1,5.95
1768,B,Mobile,Local,1,0,0,
1769,A,Mobile,Local,1,1,0,
1770,B,Desktop,Local,1,1,0,
1771,A,Mobile,Local,1,1,1,5.98
1772,A,Mobile,Other,1,1,1,1.56
1773,A,Mobile,Local,1,1,1,5.85
1774,B,Desktop,Local,1,1,1,5.95
1775,A,Mobile,Local,1,1,1,5.7
1776,A,Desktop,Other,1,1,1,1.53
1777,A,Desktop,Local,1,1,1,5.41
1778,B,Mobile,Other,1,1,1,1.79
1779,A,Mobile,Other,1,1,1,1.87
1780,B,Mobile,Local,1,1,1,6.23
1781,A,Mobile,Other,1,0,0,
1782,A,Mobile,Local,1,1,1,6.17
1783,A,Desktop,Other,1,1,1,1.39
1784,B,Mobile,Other,1,1,1,1.28
1785,A,Mobile,Other,1,1,1,1.78
1786,A,Mobile,Local,1,1,1,5.96
1787,A,Mobile,Local,1,1,0,
1788,B,Mobile,Local,1,0,0,
1789,B,Desktop,Other,1,0,0,
1790,A,Desktop,Other,1,1,1,1.52
1791,B,Mobile,Local,1,1,1,6.2
1792,A,Mobile,Local,1,1,1,5.71
1793,B,Mobile,Other,1,0,0,
1794,B,Desktop,Other,1,1,0,
1795,A,Mobile,Local,1,1,0,
1796,A,Mobile,Local,1,1,0,
1797,A,Desktop,Local,1,1,1,6.15
1798,A,Desktop,Other,1,1,1,1.61
1799,A,Desktop,Local,1,1,1,5.56
1800,A,Mobile,Other,1,1,1,1.46
1801,A,Desktop,Local,1,1,1,6.09
1802,B,Mobile,Local,1,1,1,5.75
1803,B,Mobile,Local,1,1,0,
1804,B,Desktop,Other,1,1,1,1.71
1805,A,Mobile,Other,1,1,1,1.49
1806,A,Mobile,Other,1,1,1,1.6
1807,B,Desktop,Other,1,1,1,1.46
1808,B,Mobile,Other,1,1,0,
1809,A,Mobile,Local,1,1,1,6.12
1810,A,Mobile,Other,1,1,0,
1811,A,Mobile,Local,1,1,1,5.75
1812,B,Mobile,Other,1,0,0,
1813,A,Mobile,Local,1,1,1,6.23
1814,B,Desktop,Other,1,1,0,
1815,A,Desktop,Other,1,1,0,
1816,B,Mobile,Local,0,0,0,
1817,B,Mobile,Local,1,0,0,
1818,A,Mobile,Other,1,1,1,1.64
1819,B,Desktop,Local,1,1,1,6.11
1820,B,Mobile,Local,0,0,0,
1821,B,Mobile,Local,1,0,0,
1822,A,Mobile,Local,1,1,1,5.64
1823,B,Desktop,Local,1,0,0,
1824,A,Mobile,Local,1,1,1,5.94
1825,B,Mobile,Local,1,1,1,5.93
1826,B,Mobile,Local,1,1,1,5.94
1827,A,Mobile,Other,0,0,0,
1828,B,Mobile,Local,1,1,0,
1829,B,Desktop,Local,1,1,0,
1830,A,Mobile,Local,1,1,1,6.41
1831,B,Desktop,Local,1,1,1,6.02
1832,A,Mobile,Local,1,1,1,5.86
1833,B,Mobile,Local,1,1,1,6.07
1834,B,Mobile,Local,1,0,0,
1835,A,Mobile,Other,1,1,0,
1836,B,Mobile,Local,1,1,1,6.62
1837,B,Mobile,Local,1,1,1,5.84
1838,B,Mobile,Local,1,1,1,6.09
1839,A,Desktop,Other,1,1,1,1.47
1840,B,Desktop,Local,0,0,0,
1841,B,Mobile,Local,1,1,1,6.72
1842,B,Mobile,Local,1,1,1,5.83
1843,B,Mobile,Local,1,1,1,5.9
1844,B,Mobile,Local,1,1,1,5.37
1845,A,Mobile,Local,1,1,1,6.56
1846,A,Desktop,Local,1,1,1,6.2
1847,A,Mobile,Other,1,1,1,1.51
1848,B,Mobile,Local,1,1,1,5.54
1849,A,Mobile,Other,1,0,0,
1850,A,Mobile,Local,1,1,0,
1851,A,Mobile,Other,0,0,0,
1852,A,Mobile,Other,1,1,1,1.64
1853,B,Desktop,Local,0,0,0,
1854,A,Mobile,Local,1,1,1,5.22
1855,B,Mobile,Local,1,1,1,5.76
1856,B,Mobile,Other,1,1,1,1.61
1857,B,Mobile,Local,1,1,1,6.37
1858,B,Mobile,Local,1,0,0,
1859,B,Mobile,Local,1,1,1,6.0
1860,B,Desktop,Local,1,0,0,
1861,A,Mobile,Local,1,1,1,5.76
1862,B,Mobile,Local,1,1,1,6.28
1863,B,Desktop,Local,1,1,1,6.32
1864,A,Desktop,Local,0,0,0,
1865,A,Mobile,Local,1,1,1,6.04
1866,A,Mobile,Other,0,0,0,
1867,A,Mobile,Other,1,1,1,1.19
1868,B,Mobile,Local,1,0,0,
1869,B,Desktop,Local,1,1,1,5.7
1870,B,Mobile,Local,1,0,0,
1871,B,Mobile,Local,1,1,1,6.47
1872,B,Desktop,Local,1,0,0,
1873,B,Mobile,Local,1,1,1,5.77
1874,A,Desktop,Other,1,1,0,
1875,A,Mobile,Local,1,1,1,5.95
1876,A,Desktop,Local,1,1,0,
1877,A,Mobile,Local,1,1,1,5.62
1878,A,Desktop,Local,1,1,1,6.2
1879,B,Mobile,Local,0,0,0,
1880,A,Mobile,Local,1,1,1,5.9
1881,B,Mobile,Other,1,0,0,
1882,B,Mobile,Local,1,1,1,5.99
1883,A,Mobile,Local,0,0,0,
1884,B,Mobile,Other,1,1,1,1.44
1885,A,Mobile,Local,1,1,1,6.17
1886,B,Mobile,Other,1,1,1,1.82
1887,A,Desktop,Local,1,1,1,6.15
1888,A,Mobile,Local,1,1,0,
1889,A,Mobile,Other,0,0,0,
1890,B,Mobile,Other,1,0,0,
1891,A,Mobile,Other,1,1,1,1.04
1892,B,Mobile,Local,1,1,0,
1893,A,Mobile,Other,1,1,0,
1894,B,Mobile,Other,1,1,1,1.72
1895,B,Mobile,Local,1,1,1,6.1
1896,A,Mobile,Other,1,1,1,1.16
1897,A,Mobile,Other,1,1,1,1.45
1898,B,Mobile,Local,1,1,1,5.42
1899,A,Mobile,Local,1,1,1,6.01
1900,B,Mobile,Other,1,1,1,1.37
1901,A,Desktop,Local,1,1,1,5.75
1902,A,Mobile,Other,1,1,1,1.09
1903,B,Mobile,Other,1,1,1,1.39
1904,B,Mobile,Local,1,0,0,
1905,A,Desktop,Other,1,1,1,1.66
1906,B,Mobile,Local,1,0,0,
1907,B,Mobile,Local,1,1,1,5.6
1908,A,Mobile,Local,1,1,1,5.46
1909,A,Mobile,Local,1,1,1,6.08
1910,B,Mobile,Local,1,1,1,5.75
1911,A,Mobile,Other,1,1,0,
1912,B,Desktop,Local,1,0,0,
1913,A,Mobile,Local,1,1,1,5.56
1914,B,Desktop,Other,1,1,1,1.54
1915,A,Mobile,Local,1,1,0,
1916,A,Desktop,Other,1,1,0,
1917,B,Desktop,Local,1,0,0,
1918,A,Desktop,Other,1,1,0,
1919,A,Mobile,Local,1,1,1,6.51
1920,A,Mobile,Local,1,1,1,5.54
1921,B,Mobile,Other,1,0,0,
1922,A,Mobile,Local,1,1,1,5.94
1923,B,Mobile,Local,1,1,1,6.3
1924,A,Mobile,Other,1,1,1,1.37
1925,A,Mobile,Other,1,1,0,
1926,B,Desktop,Local,1,1,1,6.16
1927,B,Mobile,Local,1,1,1,6.23
1928,A,Mobile,Other,1,1,1,1.38
1929,B,Mobile,Local,1,1,1,5.87
1930,A,Desktop,Other,1,0,0,
1931,A,Desktop,Local,1,0,0,
1932,B,Mobile,Local,1,0,0,
1933,B,Mobile,Other,1,1,1,1.29
1934,A,Desktop,Other,1,1,0,
1935,B,Mobile,Local,1,1,1,6.54
1936,B,Mobile,Other,1,1,0,
1937,A,Desktop,Local,1,1,1,5.97
1938,A,Desktop,Local,1,1,1,6.11
1939,A,Mobile,Other,1,1,1,1.6
1940,B,Mobile,Local,1,1,0,
1941,B,Mobile,Other,1,0,0,
1942,B,Mobile,Local,1,0,0,
1943,A,Mobile,Local,1,1,0,
1944,A,Mobile,Other,1,1,1,1.15
1945,A,Mobile,Other,1,1,0,
1946,A,Mobile,Local,1,1,1,5.97
1947,B,Desktop,Local,1,1,1,5.79
1948,A,Mobile,Local,1,1,1,6.32
1949,A,Desktop,Local,1,1,1,6.23
1950,A,Mobile,Local,1,1,0,
1951,A,Mobile,Local,1,1,1,5.33
1952,B,Desktop,Local,1,0,0,
1953,A,Mobile,Local,1,1,1,6.12
1954,B,Mobile,Other,1,1,1,1.61
1955,A,Mobile,Local,1,0,0,
1956,B,Desktop,Local,1,1,0,
1957,A,Desktop,Local,1,1,1,5.77
1958,B,Mobile,Local,1,0,0,
1959,A,Desktop,Local,1,1,1,5.95
1960,B,Mobile,Other,1,0,0,
1961,A,Mobile,Other,1,1,1,1.23
1962,B,Mobile,Local,1,1,1,6.42
1963,B,Mobile,Other,1,1,1,1.55
1964,A,Mobile,Other,1,1,1,1.66
1965,B,Desktop,Local,1,1,0,
1966,B,Mobile,Local,1,0,0,
1967,A,Mobile,Local,1,1,1,6.03
1968,B,Mobile,Local,1,1,1,6.19
1969,B,Mobile,Other,1,1,1,1.48
1970,B,Desktop,Local,1,1,0,
1971,B,Mobile,Local,1,1,1,5.84
1972,A,Mobile,Local,1,1,1,6.19
1973,A,Mobile,Other,1,1,1,1.55
1974,A,Desktop,Local,1,1,1,5.86
1975,A,Mobile,Local,1,1,1,6.08
1976,B,Desktop,Local,1,1,1,6.17
1977,A,Desktop,Local,1,1,1,5.82
1978,B,Desktop,Local,1,1,1,5.86
1979,B,Mobile,Other,1,0,0,
1980,A,Mobile,Other,1,0,0,
1981,B,Mobile,Local,0,0,0,
1982,A,Desktop,Local,1,1,1,5.92
1983,A,Desktop,Other,1,1,1,0.92
1984,B,Mobile,Local,1,1,1,5.97
1985,A,Mobile,Local,1,1,1,6.15
1986,B,Mobile,Other,1,1,1,1.27
1987,B,Mobile,Local,1,1,1,5.93
1988,B,Desktop,Other,1,1,1,1.1
1989,B,Mobile,Other,0,0,0,
1990,A,Mobile,Local,1,1,1,5.93
1991,A,Mobile,Local,0,0,0,
1992,A,Desktop,Other,1,1,1,1.66
1993,B,Mobile,Local,1,1,1,5.95
1994,A,Mobile,Local,1,1,1,5.45
1995,B,Mobile,Local,1,0,0,
1996,A,Desktop,Local,1,1,1,6.26
1997,A,Mobile,Other,1,1,0,
1998,A,Mobile,Local,1,1,1,5.77
1999,A,Mobile,Other,1,1,0,
